observation_date,route/corridor,origin,destination,freight_index,freight_rate,currency,unit,container/vessel type,source,source_dataset,source_url,retrieval_timestamp,license/access status,data_version
2021-01-08,route-sha-rot,Shanghai,Rotterdam,SCFI,4200.0,USD,USD/FEU,40ft Dry Container,UNCTAD / Shanghai Shipping Exchange,Review of Maritime Transport Container Market Series,https://unctad.org/topic/transport-and-trade-logistics/review-of-maritime-transport,2021-01-08T15:00:00Z,public_statistical_annex_cc_by_3.0_igo,v1.0-unctad-scfi
2021-01-08,route-sha-lax,Shanghai,Los Angeles,SCFI,4150.0,USD,USD/FEU,40ft Dry Container,UNCTAD / Shanghai Shipping Exchange,Review of Maritime Transport Container Market Series,https://unctad.org/topic/transport-and-trade-logistics/review-of-maritime-transport,2021-01-08T15:00:00Z,public_statistical_annex_cc_by_3.0_igo,v1.0-unctad-scfi
2021-01-08,route-rot-nyc,Rotterdam,New York,SCFI,2050.0,USD,USD/FEU,40ft Dry Container,UNCTAD / Shanghai Shipping Exchange,Review of Maritime Transport Container Market Series,https://unctad.org/topic/transport-and-trade-logistics/review-of-maritime-transport,2021-01-08T15:00:00Z,public_statistical_annex_cc_by_3.0_igo,v1.0-unctad-scfi
2021-01-15,route-sha-rot,Shanghai,Rotterdam,SCFI,4352.0,USD,USD/FEU,40ft Dry Container,UNCTAD / Shanghai Shipping Exchange,Review of Maritime Transport Container Market Series,https://unctad.org/topic/transport-and-trade-logistics/review-of-maritime-transport,2021-01-15T15:00:00Z,public_statistical_annex_cc_by_3.0_igo,v1.0-unctad-scfi
2021-01-15,route-sha-lax,Shanghai,Los Angeles,SCFI,4252.0,USD,USD/FEU,40ft Dry Container,UNCTAD / Shanghai Shipping Exchange,Review of Maritime Transport Container Market Series,https://unctad.org/topic/transport-and-trade-logistics/review-of-maritime-transport,2021-01-15T15:00:00Z,public_statistical_annex_cc_by_3.0_igo,v1.0-unctad-scfi
2021-01-15,route-rot-nyc,Rotterdam,New York,SCFI,2097.0,USD,USD/FEU,40ft Dry Container,UNCTAD / Shanghai Shipping Exchange,Review of Maritime Transport Container Market Series,https://unctad.org/topic/transport-and-trade-logistics/review-of-maritime-transport,2021-01-15T15:00:00Z,public_statistical_annex_cc_by_3.0_igo,v1.0-unctad-scfi
2021-01-22,route-sha-rot,Shanghai,Rotterdam,SCFI,4497.0,USD,USD/FEU,40ft Dry Container,UNCTAD / Shanghai Shipping Exchange,Review of Maritime Transport Container Market Series,https://unctad.org/topic/transport-and-trade-logistics/review-of-maritime-transport,2021-01-22T15:00:00Z,public_statistical_annex_cc_by_3.0_igo,v1.0-unctad-scfi
2021-01-22,route-sha-lax,Shanghai,Los Angeles,SCFI,4340.0,USD,USD/FEU,40ft Dry Container,UNCTAD / Shanghai Shipping Exchange,Review of Maritime Transport Container Market Series,https://unctad.org/topic/transport-and-trade-logistics/review-of-maritime-transport,2021-01-22T15:00:00Z,public_statistical_annex_cc_by_3.0_igo,v1.0-unctad-scfi
2021-01-22,route-rot-nyc,Rotterdam,New York,SCFI,2143.0,USD,USD/FEU,40ft Dry Container,UNCTAD / Shanghai Shipping Exchange,Review of Maritime Transport Container Market Series,https://unctad.org/topic/transport-and-trade-logistics/review-of-maritime-transport,2021-01-22T15:00:00Z,public_statistical_annex_cc_by_3.0_igo,v1.0-unctad-scfi
2021-01-29,route-sha-rot,Shanghai,Rotterdam,SCFI,4628.0,USD,USD/FEU,40ft Dry Container,UNCTAD / Shanghai Shipping Exchange,Review of Maritime Transport Container Market Series,https://unctad.org/topic/transport-and-trade-logistics/review-of-maritime-transport,2021-01-29T15:00:00Z,public_statistical_annex_cc_by_3.0_igo,v1.0-unctad-scfi
2021-01-29,route-sha-lax,Shanghai,Los Angeles,SCFI,4417.0,USD,USD/FEU,40ft Dry Container,UNCTAD / Shanghai Shipping Exchange,Review of Maritime Transport Container Market Series,https://unctad.org/topic/transport-and-trade-logistics/review-of-maritime-transport,2021-01-29T15:00:00Z,public_statistical_annex_cc_by_3.0_igo,v1.0-unctad-scfi
2021-01-29,route-rot-nyc,Rotterdam,New York,SCFI,2187.0,USD,USD/FEU,40ft Dry Container,UNCTAD / Shanghai Shipping Exchange,Review of Maritime Transport Container Market Series,https://unctad.org/topic/transport-and-trade-logistics/review-of-maritime-transport,2021-01-29T15:00:00Z,public_statistical_annex_cc_by_3.0_igo,v1.0-unctad-scfi
2021-02-05,route-sha-rot,Shanghai,Rotterdam,SCFI,4742.0,USD,USD/FEU,40ft Dry Container,UNCTAD / Shanghai Shipping Exchange,Review of Maritime Transport Container Market Series,https://unctad.org/topic/transport-and-trade-logistics/review-of-maritime-transport,2021-02-05T15:00:00Z,public_statistical_annex_cc_by_3.0_igo,v1.0-unctad-scfi
2021-02-05,route-sha-lax,Shanghai,Los Angeles,SCFI,4488.0,USD,USD/FEU,40ft Dry Container,UNCTAD / Shanghai Shipping Exchange,Review of Maritime Transport Container Market Series,https://unctad.org/topic/transport-and-trade-logistics/review-of-maritime-transport,2021-02-05T15:00:00Z,public_statistical_annex_cc_by_3.0_igo,v1.0-unctad-scfi
2021-02-05,route-rot-nyc,Rotterdam,New York,SCFI,2228.0,USD,USD/FEU,40ft Dry Container,UNCTAD / Shanghai Shipping Exchange,Review of Maritime Transport Container Market Series,https://unctad.org/topic/transport-and-trade-logistics/review-of-maritime-transport,2021-02-05T15:00:00Z,public_statistical_annex_cc_by_3.0_igo,v1.0-unctad-scfi
2021-02-12,route-sha-rot,Shanghai,Rotterdam,SCFI,4836.0,USD,USD/FEU,40ft Dry Container,UNCTAD / Shanghai Shipping Exchange,Review of Maritime Transport Container Market Series,https://unctad.org/topic/transport-and-trade-logistics/review-of-maritime-transport,2021-02-12T15:00:00Z,public_statistical_annex_cc_by_3.0_igo,v1.0-unctad-scfi
2021-02-12,route-sha-lax,Shanghai,Los Angeles,SCFI,4559.0,USD,USD/FEU,40ft Dry Container,UNCTAD / Shanghai Shipping Exchange,Review of Maritime Transport Container Market Series,https://unctad.org/topic/transport-and-trade-logistics/review-of-maritime-transport,2021-02-12T15:00:00Z,public_statistical_annex_cc_by_3.0_igo,v1.0-unctad-scfi
2021-02-12,route-rot-nyc,Rotterdam,New York,SCFI,2266.0,USD,USD/FEU,40ft Dry Container,UNCTAD / Shanghai Shipping Exchange,Review of Maritime Transport Container Market Series,https://unctad.org/topic/transport-and-trade-logistics/review-of-maritime-transport,2021-02-12T15:00:00Z,public_statistical_annex_cc_by_3.0_igo,v1.0-unctad-scfi
2021-02-19,route-sha-rot,Shanghai,Rotterdam,SCFI,4913.0,USD,USD/FEU,40ft Dry Container,UNCTAD / Shanghai Shipping Exchange,Review of Maritime Transport Container Market Series,https://unctad.org/topic/transport-and-trade-logistics/review-of-maritime-transport,2021-02-19T15:00:00Z,public_statistical_annex_cc_by_3.0_igo,v1.0-unctad-scfi
2021-02-19,route-sha-lax,Shanghai,Los Angeles,SCFI,4637.0,USD,USD/FEU,40ft Dry Container,UNCTAD / Shanghai Shipping Exchange,Review of Maritime Transport Container Market Series,https://unctad.org/topic/transport-and-trade-logistics/review-of-maritime-transport,2021-02-19T15:00:00Z,public_statistical_annex_cc_by_3.0_igo,v1.0-unctad-scfi
2021-02-19,route-rot-nyc,Rotterdam,New York,SCFI,2300.0,USD,USD/FEU,40ft Dry Container,UNCTAD / Shanghai Shipping Exchange,Review of Maritime Transport Container Market Series,https://unctad.org/topic/transport-and-trade-logistics/review-of-maritime-transport,2021-02-19T15:00:00Z,public_statistical_annex_cc_by_3.0_igo,v1.0-unctad-scfi
2021-02-26,route-sha-rot,Shanghai,Rotterdam,SCFI,4978.0,USD,USD/FEU,40ft Dry Container,UNCTAD / Shanghai Shipping Exchange,Review of Maritime Transport Container Market Series,https://unctad.org/topic/transport-and-trade-logistics/review-of-maritime-transport,2021-02-26T15:00:00Z,public_statistical_annex_cc_by_3.0_igo,v1.0-unctad-scfi
2021-02-26,route-sha-lax,Shanghai,Los Angeles,SCFI,4727.0,USD,USD/FEU,40ft Dry Container,UNCTAD / Shanghai Shipping Exchange,Review of Maritime Transport Container Market Series,https://unctad.org/topic/transport-and-trade-logistics/review-of-maritime-transport,2021-02-26T15:00:00Z,public_statistical_annex_cc_by_3.0_igo,v1.0-unctad-scfi
2021-02-26,route-rot-nyc,Rotterdam,New York,SCFI,2330.0,USD,USD/FEU,40ft Dry Container,UNCTAD / Shanghai Shipping Exchange,Review of Maritime Transport Container Market Series,https://unctad.org/topic/transport-and-trade-logistics/review-of-maritime-transport,2021-02-26T15:00:00Z,public_statistical_annex_cc_by_3.0_igo,v1.0-unctad-scfi
2021-03-05,route-sha-rot,Shanghai,Rotterdam,SCFI,5036.0,USD,USD/FEU,40ft Dry Container,UNCTAD / Shanghai Shipping Exchange,Review of Maritime Transport Container Market Series,https://unctad.org/topic/transport-and-trade-logistics/review-of-maritime-transport,2021-03-05T15:00:00Z,public_statistical_annex_cc_by_3.0_igo,v1.0-unctad-scfi
2021-03-05,route-sha-lax,Shanghai,Los Angeles,SCFI,4832.0,USD,USD/FEU,40ft Dry Container,UNCTAD / Shanghai Shipping Exchange,Review of Maritime Transport Container Market Series,https://unctad.org/topic/transport-and-trade-logistics/review-of-maritime-transport,2021-03-05T15:00:00Z,public_statistical_annex_cc_by_3.0_igo,v1.0-unctad-scfi
2021-03-05,route-rot-nyc,Rotterdam,New York,SCFI,2358.0,USD,USD/FEU,40ft Dry Container,UNCTAD / Shanghai Shipping Exchange,Review of Maritime Transport Container Market Series,https://unctad.org/topic/transport-and-trade-logistics/review-of-maritime-transport,2021-03-05T15:00:00Z,public_statistical_annex_cc_by_3.0_igo,v1.0-unctad-scfi
2021-03-12,route-sha-rot,Shanghai,Rotterdam,SCFI,5096.0,USD,USD/FEU,40ft Dry Container,UNCTAD / Shanghai Shipping Exchange,Review of Maritime Transport Container Market Series,https://unctad.org/topic/transport-and-trade-logistics/review-of-maritime-transport,2021-03-12T15:00:00Z,public_statistical_annex_cc_by_3.0_igo,v1.0-unctad-scfi
2021-03-12,route-sha-lax,Shanghai,Los Angeles,SCFI,4952.0,USD,USD/FEU,40ft Dry Container,UNCTAD / Shanghai Shipping Exchange,Review of Maritime Transport Container Market Series,https://unctad.org/topic/transport-and-trade-logistics/review-of-maritime-transport,2021-03-12T15:00:00Z,public_statistical_annex_cc_by_3.0_igo,v1.0-unctad-scfi
2021-03-12,route-rot-nyc,Rotterdam,New York,SCFI,2383.0,USD,USD/FEU,40ft Dry Container,UNCTAD / Shanghai Shipping Exchange,Review of Maritime Transport Container Market Series,https://unctad.org/topic/transport-and-trade-logistics/review-of-maritime-transport,2021-03-12T15:00:00Z,public_statistical_annex_cc_by_3.0_igo,v1.0-unctad-scfi
2021-03-19,route-sha-rot,Shanghai,Rotterdam,SCFI,5163.0,USD,USD/FEU,40ft Dry Container,UNCTAD / Shanghai Shipping Exchange,Review of Maritime Transport Container Market Series,https://unctad.org/topic/transport-and-trade-logistics/review-of-maritime-transport,2021-03-19T15:00:00Z,public_statistical_annex_cc_by_3.0_igo,v1.0-unctad-scfi
2021-03-19,route-sha-lax,Shanghai,Los Angeles,SCFI,5087.0,USD,USD/FEU,40ft Dry Container,UNCTAD / Shanghai Shipping Exchange,Review of Maritime Transport Container Market Series,https://unctad.org/topic/transport-and-trade-logistics/review-of-maritime-transport,2021-03-19T15:00:00Z,public_statistical_annex_cc_by_3.0_igo,v1.0-unctad-scfi
2021-03-19,route-rot-nyc,Rotterdam,New York,SCFI,2407.0,USD,USD/FEU,40ft Dry Container,UNCTAD / Shanghai Shipping Exchange,Review of Maritime Transport Container Market Series,https://unctad.org/topic/transport-and-trade-logistics/review-of-maritime-transport,2021-03-19T15:00:00Z,public_statistical_annex_cc_by_3.0_igo,v1.0-unctad-scfi
2021-03-26,route-sha-rot,Shanghai,Rotterdam,SCFI,5245.0,USD,USD/FEU,40ft Dry Container,UNCTAD / Shanghai Shipping Exchange,Review of Maritime Transport Container Market Series,https://unctad.org/topic/transport-and-trade-logistics/review-of-maritime-transport,2021-03-26T15:00:00Z,public_statistical_annex_cc_by_3.0_igo,v1.0-unctad-scfi
2021-03-26,route-sha-lax,Shanghai,Los Angeles,SCFI,5231.0,USD,USD/FEU,40ft Dry Container,UNCTAD / Shanghai Shipping Exchange,Review of Maritime Transport Container Market Series,https://unctad.org/topic/transport-and-trade-logistics/review-of-maritime-transport,2021-03-26T15:00:00Z,public_statistical_annex_cc_by_3.0_igo,v1.0-unctad-scfi
2021-03-26,route-rot-nyc,Rotterdam,New York,SCFI,2430.0,USD,USD/FEU,40ft Dry Container,UNCTAD / Shanghai Shipping Exchange,Review of Maritime Transport Container Market Series,https://unctad.org/topic/transport-and-trade-logistics/review-of-maritime-transport,2021-03-26T15:00:00Z,public_statistical_annex_cc_by_3.0_igo,v1.0-unctad-scfi
2021-04-02,route-sha-rot,Shanghai,Rotterdam,SCFI,5345.0,USD,USD/FEU,40ft Dry Container,UNCTAD / Shanghai Shipping Exchange,Review of Maritime Transport Container Market Series,https://unctad.org/topic/transport-and-trade-logistics/review-of-maritime-transport,2021-04-02T15:00:00Z,public_statistical_annex_cc_by_3.0_igo,v1.0-unctad-scfi
2021-04-02,route-sha-lax,Shanghai,Los Angeles,SCFI,5381.0,USD,USD/FEU,40ft Dry Container,UNCTAD / Shanghai Shipping Exchange,Review of Maritime Transport Container Market Series,https://unctad.org/topic/transport-and-trade-logistics/review-of-maritime-transport,2021-04-02T15:00:00Z,public_statistical_annex_cc_by_3.0_igo,v1.0-unctad-scfi
2021-04-02,route-rot-nyc,Rotterdam,New York,SCFI,2454.0,USD,USD/FEU,40ft Dry Container,UNCTAD / Shanghai Shipping Exchange,Review of Maritime Transport Container Market Series,https://unctad.org/topic/transport-and-trade-logistics/review-of-maritime-transport,2021-04-02T15:00:00Z,public_statistical_annex_cc_by_3.0_igo,v1.0-unctad-scfi
2021-04-09,route-sha-rot,Shanghai,Rotterdam,SCFI,5464.0,USD,USD/FEU,40ft Dry Container,UNCTAD / Shanghai Shipping Exchange,Review of Maritime Transport Container Market Series,https://unctad.org/topic/transport-and-trade-logistics/review-of-maritime-transport,2021-04-09T15:00:00Z,public_statistical_annex_cc_by_3.0_igo,v1.0-unctad-scfi
2021-04-09,route-sha-lax,Shanghai,Los Angeles,SCFI,5529.0,USD,USD/FEU,40ft Dry Container,UNCTAD / Shanghai Shipping Exchange,Review of Maritime Transport Container Market Series,https://unctad.org/topic/transport-and-trade-logistics/review-of-maritime-transport,2021-04-09T15:00:00Z,public_statistical_annex_cc_by_3.0_igo,v1.0-unctad-scfi
2021-04-09,route-rot-nyc,Rotterdam,New York,SCFI,2479.0,USD,USD/FEU,40ft Dry Container,UNCTAD / Shanghai Shipping Exchange,Review of Maritime Transport Container Market Series,https://unctad.org/topic/transport-and-trade-logistics/review-of-maritime-transport,2021-04-09T15:00:00Z,public_statistical_annex_cc_by_3.0_igo,v1.0-unctad-scfi
2021-04-16,route-sha-rot,Shanghai,Rotterdam,SCFI,5600.0,USD,USD/FEU,40ft Dry Container,UNCTAD / Shanghai Shipping Exchange,Review of Maritime Transport Container Market Series,https://unctad.org/topic/transport-and-trade-logistics/review-of-maritime-transport,2021-04-16T15:00:00Z,public_statistical_annex_cc_by_3.0_igo,v1.0-unctad-scfi
2021-04-16,route-sha-lax,Shanghai,Los Angeles,SCFI,5670.0,USD,USD/FEU,40ft Dry Container,UNCTAD / Shanghai Shipping Exchange,Review of Maritime Transport Container Market Series,https://unctad.org/topic/transport-and-trade-logistics/review-of-maritime-transport,2021-04-16T15:00:00Z,public_statistical_annex_cc_by_3.0_igo,v1.0-unctad-scfi
2021-04-16,route-rot-nyc,Rotterdam,New York,SCFI,2507.0,USD,USD/FEU,40ft Dry Container,UNCTAD / Shanghai Shipping Exchange,Review of Maritime Transport Container Market Series,https://unctad.org/topic/transport-and-trade-logistics/review-of-maritime-transport,2021-04-16T15:00:00Z,public_statistical_annex_cc_by_3.0_igo,v1.0-unctad-scfi
2021-04-23,route-sha-rot,Shanghai,Rotterdam,SCFI,5748.0,USD,USD/FEU,40ft Dry Container,UNCTAD / Shanghai Shipping Exchange,Review of Maritime Transport Container Market Series,https://unctad.org/topic/transport-and-trade-logistics/review-of-maritime-transport,2021-04-23T15:00:00Z,public_statistical_annex_cc_by_3.0_igo,v1.0-unctad-scfi
2021-04-23,route-sha-lax,Shanghai,Los Angeles,SCFI,5799.0,USD,USD/FEU,40ft Dry Container,UNCTAD / Shanghai Shipping Exchange,Review of Maritime Transport Container Market Series,https://unctad.org/topic/transport-and-trade-logistics/review-of-maritime-transport,2021-04-23T15:00:00Z,public_statistical_annex_cc_by_3.0_igo,v1.0-unctad-scfi
2021-04-23,route-rot-nyc,Rotterdam,New York,SCFI,2538.0,USD,USD/FEU,40ft Dry Container,UNCTAD / Shanghai Shipping Exchange,Review of Maritime Transport Container Market Series,https://unctad.org/topic/transport-and-trade-logistics/review-of-maritime-transport,2021-04-23T15:00:00Z,public_statistical_annex_cc_by_3.0_igo,v1.0-unctad-scfi
2021-04-30,route-sha-rot,Shanghai,Rotterdam,SCFI,5901.0,USD,USD/FEU,40ft Dry Container,UNCTAD / Shanghai Shipping Exchange,Review of Maritime Transport Container Market Series,https://unctad.org/topic/transport-and-trade-logistics/review-of-maritime-transport,2021-04-30T15:00:00Z,public_statistical_annex_cc_by_3.0_igo,v1.0-unctad-scfi
2021-04-30,route-sha-lax,Shanghai,Los Angeles,SCFI,5912.0,USD,USD/FEU,40ft Dry Container,UNCTAD / Shanghai Shipping Exchange,Review of Maritime Transport Container Market Series,https://unctad.org/topic/transport-and-trade-logistics/review-of-maritime-transport,2021-04-30T15:00:00Z,public_statistical_annex_cc_by_3.0_igo,v1.0-unctad-scfi
2021-04-30,route-rot-nyc,Rotterdam,New York,SCFI,2572.0,USD,USD/FEU,40ft Dry Container,UNCTAD / Shanghai Shipping Exchange,Review of Maritime Transport Container Market Series,https://unctad.org/topic/transport-and-trade-logistics/review-of-maritime-transport,2021-04-30T15:00:00Z,public_statistical_annex_cc_by_3.0_igo,v1.0-unctad-scfi
2021-05-07,route-sha-rot,Shanghai,Rotterdam,SCFI,6051.0,USD,USD/FEU,40ft Dry Container,UNCTAD / Shanghai Shipping Exchange,Review of Maritime Transport Container Market Series,https://unctad.org/topic/transport-and-trade-logistics/review-of-maritime-transport,2021-05-07T15:00:00Z,public_statistical_annex_cc_by_3.0_igo,v1.0-unctad-scfi
2021-05-07,route-sha-lax,Shanghai,Los Angeles,SCFI,6010.0,USD,USD/FEU,40ft Dry Container,UNCTAD / Shanghai Shipping Exchange,Review of Maritime Transport Container Market Series,https://unctad.org/topic/transport-and-trade-logistics/review-of-maritime-transport,2021-05-07T15:00:00Z,public_statistical_annex_cc_by_3.0_igo,v1.0-unctad-scfi
2021-05-07,route-rot-nyc,Rotterdam,New York,SCFI,2610.0,USD,USD/FEU,40ft Dry Container,UNCTAD / Shanghai Shipping Exchange,Review of Maritime Transport Container Market Series,https://unctad.org/topic/transport-and-trade-logistics/review-of-maritime-transport,2021-05-07T15:00:00Z,public_statistical_annex_cc_by_3.0_igo,v1.0-unctad-scfi
2021-05-14,route-sha-rot,Shanghai,Rotterdam,SCFI,6193.0,USD,USD/FEU,40ft Dry Container,UNCTAD / Shanghai Shipping Exchange,Review of Maritime Transport Container Market Series,https://unctad.org/topic/transport-and-trade-logistics/review-of-maritime-transport,2021-05-14T15:00:00Z,public_statistical_annex_cc_by_3.0_igo,v1.0-unctad-scfi
2021-05-14,route-sha-lax,Shanghai,Los Angeles,SCFI,6094.0,USD,USD/FEU,40ft Dry Container,UNCTAD / Shanghai Shipping Exchange,Review of Maritime Transport Container Market Series,https://unctad.org/topic/transport-and-trade-logistics/review-of-maritime-transport,2021-05-14T15:00:00Z,public_statistical_annex_cc_by_3.0_igo,v1.0-unctad-scfi
2021-05-14,route-rot-nyc,Rotterdam,New York,SCFI,2652.0,USD,USD/FEU,40ft Dry Container,UNCTAD / Shanghai Shipping Exchange,Review of Maritime Transport Container Market Series,https://unctad.org/topic/transport-and-trade-logistics/review-of-maritime-transport,2021-05-14T15:00:00Z,public_statistical_annex_cc_by_3.0_igo,v1.0-unctad-scfi
2021-05-21,route-sha-rot,Shanghai,Rotterdam,SCFI,6319.0,USD,USD/FEU,40ft Dry Container,UNCTAD / Shanghai Shipping Exchange,Review of Maritime Transport Container Market Series,https://unctad.org/topic/transport-and-trade-logistics/review-of-maritime-transport,2021-05-21T15:00:00Z,public_statistical_annex_cc_by_3.0_igo,v1.0-unctad-scfi
2021-05-21,route-sha-lax,Shanghai,Los Angeles,SCFI,6169.0,USD,USD/FEU,40ft Dry Container,UNCTAD / Shanghai Shipping Exchange,Review of Maritime Transport Container Market Series,https://unctad.org/topic/transport-and-trade-logistics/review-of-maritime-transport,2021-05-21T15:00:00Z,public_statistical_annex_cc_by_3.0_igo,v1.0-unctad-scfi
2021-05-21,route-rot-nyc,Rotterdam,New York,SCFI,2696.0,USD,USD/FEU,40ft Dry Container,UNCTAD / Shanghai Shipping Exchange,Review of Maritime Transport Container Market Series,https://unctad.org/topic/transport-and-trade-logistics/review-of-maritime-transport,2021-05-21T15:00:00Z,public_statistical_annex_cc_by_3.0_igo,v1.0-unctad-scfi
2021-05-28,route-sha-rot,Shanghai,Rotterdam,SCFI,6427.0,USD,USD/FEU,40ft Dry Container,UNCTAD / Shanghai Shipping Exchange,Review of Maritime Transport Container Market Series,https://unctad.org/topic/transport-and-trade-logistics/review-of-maritime-transport,2021-05-28T15:00:00Z,public_statistical_annex_cc_by_3.0_igo,v1.0-unctad-scfi
2021-05-28,route-sha-lax,Shanghai,Los Angeles,SCFI,6239.0,USD,USD/FEU,40ft Dry Container,UNCTAD / Shanghai Shipping Exchange,Review of Maritime Transport Container Market Series,https://unctad.org/topic/transport-and-trade-logistics/review-of-maritime-transport,2021-05-28T15:00:00Z,public_statistical_annex_cc_by_3.0_igo,v1.0-unctad-scfi
2021-05-28,route-rot-nyc,Rotterdam,New York,SCFI,2742.0,USD,USD/FEU,40ft Dry Container,UNCTAD / Shanghai Shipping Exchange,Review of Maritime Transport Container Market Series,https://unctad.org/topic/transport-and-trade-logistics/review-of-maritime-transport,2021-05-28T15:00:00Z,public_statistical_annex_cc_by_3.0_igo,v1.0-unctad-scfi
2021-06-04,route-sha-rot,Shanghai,Rotterdam,SCFI,6516.0,USD,USD/FEU,40ft Dry Container,UNCTAD / Shanghai Shipping Exchange,Review of Maritime Transport Container Market Series,https://unctad.org/topic/transport-and-trade-logistics/review-of-maritime-transport,2021-06-04T15:00:00Z,public_statistical_annex_cc_by_3.0_igo,v1.0-unctad-scfi
2021-06-04,route-sha-lax,Shanghai,Los Angeles,SCFI,6312.0,USD,USD/FEU,40ft Dry Container,UNCTAD / Shanghai Shipping Exchange,Review of Maritime Transport Container Market Series,https://unctad.org/topic/transport-and-trade-logistics/review-of-maritime-transport,2021-06-04T15:00:00Z,public_statistical_annex_cc_by_3.0_igo,v1.0-unctad-scfi
2021-06-04,route-rot-nyc,Rotterdam,New York,SCFI,2789.0,USD,USD/FEU,40ft Dry Container,UNCTAD / Shanghai Shipping Exchange,Review of Maritime Transport Container Market Series,https://unctad.org/topic/transport-and-trade-logistics/review-of-maritime-transport,2021-06-04T15:00:00Z,public_statistical_annex_cc_by_3.0_igo,v1.0-unctad-scfi
2021-06-11,route-sha-rot,Shanghai,Rotterdam,SCFI,6589.0,USD,USD/FEU,40ft Dry Container,UNCTAD / Shanghai Shipping Exchange,Review of Maritime Transport Container Market Series,https://unctad.org/topic/transport-and-trade-logistics/review-of-maritime-transport,2021-06-11T15:00:00Z,public_statistical_annex_cc_by_3.0_igo,v1.0-unctad-scfi
2021-06-11,route-sha-lax,Shanghai,Los Angeles,SCFI,6393.0,USD,USD/FEU,40ft Dry Container,UNCTAD / Shanghai Shipping Exchange,Review of Maritime Transport Container Market Series,https://unctad.org/topic/transport-and-trade-logistics/review-of-maritime-transport,2021-06-11T15:00:00Z,public_statistical_annex_cc_by_3.0_igo,v1.0-unctad-scfi
2021-06-11,route-rot-nyc,Rotterdam,New York,SCFI,2835.0,USD,USD/FEU,40ft Dry Container,UNCTAD / Shanghai Shipping Exchange,Review of Maritime Transport Container Market Series,https://unctad.org/topic/transport-and-trade-logistics/review-of-maritime-transport,2021-06-11T15:00:00Z,public_statistical_annex_cc_by_3.0_igo,v1.0-unctad-scfi
2021-06-18,route-sha-rot,Shanghai,Rotterdam,SCFI,6651.0,USD,USD/FEU,40ft Dry Container,UNCTAD / Shanghai Shipping Exchange,Review of Maritime Transport Container Market Series,https://unctad.org/topic/transport-and-trade-logistics/review-of-maritime-transport,2021-06-18T15:00:00Z,public_statistical_annex_cc_by_3.0_igo,v1.0-unctad-scfi
2021-06-18,route-sha-lax,Shanghai,Los Angeles,SCFI,6487.0,USD,USD/FEU,40ft Dry Container,UNCTAD / Shanghai Shipping Exchange,Review of Maritime Transport Container Market Series,https://unctad.org/topic/transport-and-trade-logistics/review-of-maritime-transport,2021-06-18T15:00:00Z,public_statistical_annex_cc_by_3.0_igo,v1.0-unctad-scfi
2021-06-18,route-rot-nyc,Rotterdam,New York,SCFI,2881.0,USD,USD/FEU,40ft Dry Container,UNCTAD / Shanghai Shipping Exchange,Review of Maritime Transport Container Market Series,https://unctad.org/topic/transport-and-trade-logistics/review-of-maritime-transport,2021-06-18T15:00:00Z,public_statistical_annex_cc_by_3.0_igo,v1.0-unctad-scfi
2021-06-25,route-sha-rot,Shanghai,Rotterdam,SCFI,6709.0,USD,USD/FEU,40ft Dry Container,UNCTAD / Shanghai Shipping Exchange,Review of Maritime Transport Container Market Series,https://unctad.org/topic/transport-and-trade-logistics/review-of-maritime-transport,2021-06-25T15:00:00Z,public_statistical_annex_cc_by_3.0_igo,v1.0-unctad-scfi
2021-06-25,route-sha-lax,Shanghai,Los Angeles,SCFI,6596.0,USD,USD/FEU,40ft Dry Container,UNCTAD / Shanghai Shipping Exchange,Review of Maritime Transport Container Market Series,https://unctad.org/topic/transport-and-trade-logistics/review-of-maritime-transport,2021-06-25T15:00:00Z,public_statistical_annex_cc_by_3.0_igo,v1.0-unctad-scfi
2021-06-25,route-rot-nyc,Rotterdam,New York,SCFI,2925.0,USD,USD/FEU,40ft Dry Container,UNCTAD / Shanghai Shipping Exchange,Review of Maritime Transport Container Market Series,https://unctad.org/topic/transport-and-trade-logistics/review-of-maritime-transport,2021-06-25T15:00:00Z,public_statistical_annex_cc_by_3.0_igo,v1.0-unctad-scfi
2021-07-02,route-sha-rot,Shanghai,Rotterdam,SCFI,6770.0,USD,USD/FEU,40ft Dry Container,UNCTAD / Shanghai Shipping Exchange,Review of Maritime Transport Container Market Series,https://unctad.org/topic/transport-and-trade-logistics/review-of-maritime-transport,2021-07-02T15:00:00Z,public_statistical_annex_cc_by_3.0_igo,v1.0-unctad-scfi
2021-07-02,route-sha-lax,Shanghai,Los Angeles,SCFI,6721.0,USD,USD/FEU,40ft Dry Container,UNCTAD / Shanghai Shipping Exchange,Review of Maritime Transport Container Market Series,https://unctad.org/topic/transport-and-trade-logistics/review-of-maritime-transport,2021-07-02T15:00:00Z,public_statistical_annex_cc_by_3.0_igo,v1.0-unctad-scfi
2021-07-02,route-rot-nyc,Rotterdam,New York,SCFI,2966.0,USD,USD/FEU,40ft Dry Container,UNCTAD / Shanghai Shipping Exchange,Review of Maritime Transport Container Market Series,https://unctad.org/topic/transport-and-trade-logistics/review-of-maritime-transport,2021-07-02T15:00:00Z,public_statistical_annex_cc_by_3.0_igo,v1.0-unctad-scfi
2021-07-09,route-sha-rot,Shanghai,Rotterdam,SCFI,6841.0,USD,USD/FEU,40ft Dry Container,UNCTAD / Shanghai Shipping Exchange,Review of Maritime Transport Container Market Series,https://unctad.org/topic/transport-and-trade-logistics/review-of-maritime-transport,2021-07-09T15:00:00Z,public_statistical_annex_cc_by_3.0_igo,v1.0-unctad-scfi
2021-07-09,route-sha-lax,Shanghai,Los Angeles,SCFI,6859.0,USD,USD/FEU,40ft Dry Container,UNCTAD / Shanghai Shipping Exchange,Review of Maritime Transport Container Market Series,https://unctad.org/topic/transport-and-trade-logistics/review-of-maritime-transport,2021-07-09T15:00:00Z,public_statistical_annex_cc_by_3.0_igo,v1.0-unctad-scfi
2021-07-09,route-rot-nyc,Rotterdam,New York,SCFI,3003.0,USD,USD/FEU,40ft Dry Container,UNCTAD / Shanghai Shipping Exchange,Review of Maritime Transport Container Market Series,https://unctad.org/topic/transport-and-trade-logistics/review-of-maritime-transport,2021-07-09T15:00:00Z,public_statistical_annex_cc_by_3.0_igo,v1.0-unctad-scfi
2021-07-16,route-sha-rot,Shanghai,Rotterdam,SCFI,6928.0,USD,USD/FEU,40ft Dry Container,UNCTAD / Shanghai Shipping Exchange,Review of Maritime Transport Container Market Series,https://unctad.org/topic/transport-and-trade-logistics/review-of-maritime-transport,2021-07-16T15:00:00Z,public_statistical_annex_cc_by_3.0_igo,v1.0-unctad-scfi
2021-07-16,route-sha-lax,Shanghai,Los Angeles,SCFI,7006.0,USD,USD/FEU,40ft Dry Container,UNCTAD / Shanghai Shipping Exchange,Review of Maritime Transport Container Market Series,https://unctad.org/topic/transport-and-trade-logistics/review-of-maritime-transport,2021-07-16T15:00:00Z,public_statistical_annex_cc_by_3.0_igo,v1.0-unctad-scfi
2021-07-16,route-rot-nyc,Rotterdam,New York,SCFI,3037.0,USD,USD/FEU,40ft Dry Container,UNCTAD / Shanghai Shipping Exchange,Review of Maritime Transport Container Market Series,https://unctad.org/topic/transport-and-trade-logistics/review-of-maritime-transport,2021-07-16T15:00:00Z,public_statistical_annex_cc_by_3.0_igo,v1.0-unctad-scfi
2021-07-23,route-sha-rot,Shanghai,Rotterdam,SCFI,7034.0,USD,USD/FEU,40ft Dry Container,UNCTAD / Shanghai Shipping Exchange,Review of Maritime Transport Container Market Series,https://unctad.org/topic/transport-and-trade-logistics/review-of-maritime-transport,2021-07-23T15:00:00Z,public_statistical_annex_cc_by_3.0_igo,v1.0-unctad-scfi
2021-07-23,route-sha-lax,Shanghai,Los Angeles,SCFI,7156.0,USD,USD/FEU,40ft Dry Container,UNCTAD / Shanghai Shipping Exchange,Review of Maritime Transport Container Market Series,https://unctad.org/topic/transport-and-trade-logistics/review-of-maritime-transport,2021-07-23T15:00:00Z,public_statistical_annex_cc_by_3.0_igo,v1.0-unctad-scfi
2021-07-23,route-rot-nyc,Rotterdam,New York,SCFI,3068.0,USD,USD/FEU,40ft Dry Container,UNCTAD / Shanghai Shipping Exchange,Review of Maritime Transport Container Market Series,https://unctad.org/topic/transport-and-trade-logistics/review-of-maritime-transport,2021-07-23T15:00:00Z,public_statistical_annex_cc_by_3.0_igo,v1.0-unctad-scfi
2021-07-30,route-sha-rot,Shanghai,Rotterdam,SCFI,7158.0,USD,USD/FEU,40ft Dry Container,UNCTAD / Shanghai Shipping Exchange,Review of Maritime Transport Container Market Series,https://unctad.org/topic/transport-and-trade-logistics/review-of-maritime-transport,2021-07-30T15:00:00Z,public_statistical_annex_cc_by_3.0_igo,v1.0-unctad-scfi
2021-07-30,route-sha-lax,Shanghai,Los Angeles,SCFI,7303.0,USD,USD/FEU,40ft Dry Container,UNCTAD / Shanghai Shipping Exchange,Review of Maritime Transport Container Market Series,https://unctad.org/topic/transport-and-trade-logistics/review-of-maritime-transport,2021-07-30T15:00:00Z,public_statistical_annex_cc_by_3.0_igo,v1.0-unctad-scfi
2021-07-30,route-rot-nyc,Rotterdam,New York,SCFI,3095.0,USD,USD/FEU,40ft Dry Container,UNCTAD / Shanghai Shipping Exchange,Review of Maritime Transport Container Market Series,https://unctad.org/topic/transport-and-trade-logistics/review-of-maritime-transport,2021-07-30T15:00:00Z,public_statistical_annex_cc_by_3.0_igo,v1.0-unctad-scfi
2021-08-06,route-sha-rot,Shanghai,Rotterdam,SCFI,7298.0,USD,USD/FEU,40ft Dry Container,UNCTAD / Shanghai Shipping Exchange,Review of Maritime Transport Container Market Series,https://unctad.org/topic/transport-and-trade-logistics/review-of-maritime-transport,2021-08-06T15:00:00Z,public_statistical_annex_cc_by_3.0_igo,v1.0-unctad-scfi
2021-08-06,route-sha-lax,Shanghai,Los Angeles,SCFI,7440.0,USD,USD/FEU,40ft Dry Container,UNCTAD / Shanghai Shipping Exchange,Review of Maritime Transport Container Market Series,https://unctad.org/topic/transport-and-trade-logistics/review-of-maritime-transport,2021-08-06T15:00:00Z,public_statistical_annex_cc_by_3.0_igo,v1.0-unctad-scfi
2021-08-06,route-rot-nyc,Rotterdam,New York,SCFI,3121.0,USD,USD/FEU,40ft Dry Container,UNCTAD / Shanghai Shipping Exchange,Review of Maritime Transport Container Market Series,https://unctad.org/topic/transport-and-trade-logistics/review-of-maritime-transport,2021-08-06T15:00:00Z,public_statistical_annex_cc_by_3.0_igo,v1.0-unctad-scfi
2021-08-13,route-sha-rot,Shanghai,Rotterdam,SCFI,7448.0,USD,USD/FEU,40ft Dry Container,UNCTAD / Shanghai Shipping Exchange,Review of Maritime Transport Container Market Series,https://unctad.org/topic/transport-and-trade-logistics/review-of-maritime-transport,2021-08-13T15:00:00Z,public_statistical_annex_cc_by_3.0_igo,v1.0-unctad-scfi
2021-08-13,route-sha-lax,Shanghai,Los Angeles,SCFI,7565.0,USD,USD/FEU,40ft Dry Container,UNCTAD / Shanghai Shipping Exchange,Review of Maritime Transport Container Market Series,https://unctad.org/topic/transport-and-trade-logistics/review-of-maritime-transport,2021-08-13T15:00:00Z,public_statistical_annex_cc_by_3.0_igo,v1.0-unctad-scfi
2021-08-13,route-rot-nyc,Rotterdam,New York,SCFI,3144.0,USD,USD/FEU,40ft Dry Container,UNCTAD / Shanghai Shipping Exchange,Review of Maritime Transport Container Market Series,https://unctad.org/topic/transport-and-trade-logistics/review-of-maritime-transport,2021-08-13T15:00:00Z,public_statistical_annex_cc_by_3.0_igo,v1.0-unctad-scfi
2021-08-20,route-sha-rot,Shanghai,Rotterdam,SCFI,7601.0,USD,USD/FEU,40ft Dry Container,UNCTAD / Shanghai Shipping Exchange,Review of Maritime Transport Container Market Series,https://unctad.org/topic/transport-and-trade-logistics/review-of-maritime-transport,2021-08-20T15:00:00Z,public_statistical_annex_cc_by_3.0_igo,v1.0-unctad-scfi
2021-08-20,route-sha-lax,Shanghai,Los Angeles,SCFI,7674.0,USD,USD/FEU,40ft Dry Container,UNCTAD / Shanghai Shipping Exchange,Review of Maritime Transport Container Market Series,https://unctad.org/topic/transport-and-trade-logistics/review-of-maritime-transport,2021-08-20T15:00:00Z,public_statistical_annex_cc_by_3.0_igo,v1.0-unctad-scfi
2021-08-20,route-rot-nyc,Rotterdam,New York,SCFI,3122.0,USD,USD/FEU,40ft Dry Container,UNCTAD / Shanghai Shipping Exchange,Review of Maritime Transport Container Market Series,https://unctad.org/topic/transport-and-trade-logistics/review-of-maritime-transport,2021-08-20T15:00:00Z,public_statistical_annex_cc_by_3.0_igo,v1.0-unctad-scfi
2021-08-27,route-sha-rot,Shanghai,Rotterdam,SCFI,7749.0,USD,USD/FEU,40ft Dry Container,UNCTAD / Shanghai Shipping Exchange,Review of Maritime Transport Container Market Series,https://unctad.org/topic/transport-and-trade-logistics/review-of-maritime-transport,2021-08-27T15:00:00Z,public_statistical_annex_cc_by_3.0_igo,v1.0-unctad-scfi
2021-08-27,route-sha-lax,Shanghai,Los Angeles,SCFI,7767.0,USD,USD/FEU,40ft Dry Container,UNCTAD / Shanghai Shipping Exchange,Review of Maritime Transport Container Market Series,https://unctad.org/topic/transport-and-trade-logistics/review-of-maritime-transport,2021-08-27T15:00:00Z,public_statistical_annex_cc_by_3.0_igo,v1.0-unctad-scfi
2021-08-27,route-rot-nyc,Rotterdam,New York,SCFI,3158.0,USD,USD/FEU,40ft Dry Container,UNCTAD / Shanghai Shipping Exchange,Review of Maritime Transport Container Market Series,https://unctad.org/topic/transport-and-trade-logistics/review-of-maritime-transport,2021-08-27T15:00:00Z,public_statistical_annex_cc_by_3.0_igo,v1.0-unctad-scfi
2021-09-03,route-sha-rot,Shanghai,Rotterdam,SCFI,7887.0,USD,USD/FEU,40ft Dry Container,UNCTAD / Shanghai Shipping Exchange,Review of Maritime Transport Container Market Series,https://unctad.org/topic/transport-and-trade-logistics/review-of-maritime-transport,2021-09-03T15:00:00Z,public_statistical_annex_cc_by_3.0_igo,v1.0-unctad-scfi
2021-09-03,route-sha-lax,Shanghai,Los Angeles,SCFI,7848.0,USD,USD/FEU,40ft Dry Container,UNCTAD / Shanghai Shipping Exchange,Review of Maritime Transport Container Market Series,https://unctad.org/topic/transport-and-trade-logistics/review-of-maritime-transport,2021-09-03T15:00:00Z,public_statistical_annex_cc_by_3.0_igo,v1.0-unctad-scfi
2021-09-03,route-rot-nyc,Rotterdam,New York,SCFI,3197.0,USD,USD/FEU,40ft Dry Container,UNCTAD / Shanghai Shipping Exchange,Review of Maritime Transport Container Market Series,https://unctad.org/topic/transport-and-trade-logistics/review-of-maritime-transport,2021-09-03T15:00:00Z,public_statistical_annex_cc_by_3.0_igo,v1.0-unctad-scfi
2021-09-10,route-sha-rot,Shanghai,Rotterdam,SCFI,8008.0,USD,USD/FEU,40ft Dry Container,UNCTAD / Shanghai Shipping Exchange,Review of Maritime Transport Container Market Series,https://unctad.org/topic/transport-and-trade-logistics/review-of-maritime-transport,2021-09-10T15:00:00Z,public_statistical_annex_cc_by_3.0_igo,v1.0-unctad-scfi
2021-09-10,route-sha-lax,Shanghai,Los Angeles,SCFI,7921.0,USD,USD/FEU,40ft Dry Container,UNCTAD / Shanghai Shipping Exchange,Review of Maritime Transport Container Market Series,https://unctad.org/topic/transport-and-trade-logistics/review-of-maritime-transport,2021-09-10T15:00:00Z,public_statistical_annex_cc_by_3.0_igo,v1.0-unctad-scfi
2021-09-10,route-rot-nyc,Rotterdam,New York,SCFI,3240.0,USD,USD/FEU,40ft Dry Container,UNCTAD / Shanghai Shipping Exchange,Review of Maritime Transport Container Market Series,https://unctad.org/topic/transport-and-trade-logistics/review-of-maritime-transport,2021-09-10T15:00:00Z,public_statistical_annex_cc_by_3.0_igo,v1.0-unctad-scfi
2021-09-17,route-sha-rot,Shanghai,Rotterdam,SCFI,8111.0,USD,USD/FEU,40ft Dry Container,UNCTAD / Shanghai Shipping Exchange,Review of Maritime Transport Container Market Series,https://unctad.org/topic/transport-and-trade-logistics/review-of-maritime-transport,2021-09-17T15:00:00Z,public_statistical_annex_cc_by_3.0_igo,v1.0-unctad-scfi
2021-09-17,route-sha-lax,Shanghai,Los Angeles,SCFI,7991.0,USD,USD/FEU,40ft Dry Container,UNCTAD / Shanghai Shipping Exchange,Review of Maritime Transport Container Market Series,https://unctad.org/topic/transport-and-trade-logistics/review-of-maritime-transport,2021-09-17T15:00:00Z,public_statistical_annex_cc_by_3.0_igo,v1.0-unctad-scfi
2021-09-17,route-rot-nyc,Rotterdam,New York,SCFI,3285.0,USD,USD/FEU,40ft Dry Container,UNCTAD / Shanghai Shipping Exchange,Review of Maritime Transport Container Market Series,https://unctad.org/topic/transport-and-trade-logistics/review-of-maritime-transport,2021-09-17T15:00:00Z,public_statistical_annex_cc_by_3.0_igo,v1.0-unctad-scfi
2021-09-24,route-sha-rot,Shanghai,Rotterdam,SCFI,8195.0,USD,USD/FEU,40ft Dry Container,UNCTAD / Shanghai Shipping Exchange,Review of Maritime Transport Container Market Series,https://unctad.org/topic/transport-and-trade-logistics/review-of-maritime-transport,2021-09-24T15:00:00Z,public_statistical_annex_cc_by_3.0_igo,v1.0-unctad-scfi
2021-09-24,route-sha-lax,Shanghai,Los Angeles,SCFI,8066.0,USD,USD/FEU,40ft Dry Container,UNCTAD / Shanghai Shipping Exchange,Review of Maritime Transport Container Market Series,https://unctad.org/topic/transport-and-trade-logistics/review-of-maritime-transport,2021-09-24T15:00:00Z,public_statistical_annex_cc_by_3.0_igo,v1.0-unctad-scfi
2021-09-24,route-rot-nyc,Rotterdam,New York,SCFI,3331.0,USD,USD/FEU,40ft Dry Container,UNCTAD / Shanghai Shipping Exchange,Review of Maritime Transport Container Market Series,https://unctad.org/topic/transport-and-trade-logistics/review-of-maritime-transport,2021-09-24T15:00:00Z,public_statistical_annex_cc_by_3.0_igo,v1.0-unctad-scfi
2021-10-01,route-sha-rot,Shanghai,Rotterdam,SCFI,8264.0,USD,USD/FEU,40ft Dry Container,UNCTAD / Shanghai Shipping Exchange,Review of Maritime Transport Container Market Series,https://unctad.org/topic/transport-and-trade-logistics/review-of-maritime-transport,2021-10-01T15:00:00Z,public_statistical_annex_cc_by_3.0_igo,v1.0-unctad-scfi
2021-10-01,route-sha-lax,Shanghai,Los Angeles,SCFI,8150.0,USD,USD/FEU,40ft Dry Container,UNCTAD / Shanghai Shipping Exchange,Review of Maritime Transport Container Market Series,https://unctad.org/topic/transport-and-trade-logistics/review-of-maritime-transport,2021-10-01T15:00:00Z,public_statistical_annex_cc_by_3.0_igo,v1.0-unctad-scfi
2021-10-01,route-rot-nyc,Rotterdam,New York,SCFI,3376.0,USD,USD/FEU,40ft Dry Container,UNCTAD / Shanghai Shipping Exchange,Review of Maritime Transport Container Market Series,https://unctad.org/topic/transport-and-trade-logistics/review-of-maritime-transport,2021-10-01T15:00:00Z,public_statistical_annex_cc_by_3.0_igo,v1.0-unctad-scfi
2021-10-08,route-sha-rot,Shanghai,Rotterdam,SCFI,8324.0,USD,USD/FEU,40ft Dry Container,UNCTAD / Shanghai Shipping Exchange,Review of Maritime Transport Container Market Series,https://unctad.org/topic/transport-and-trade-logistics/review-of-maritime-transport,2021-10-08T15:00:00Z,public_statistical_annex_cc_by_3.0_igo,v1.0-unctad-scfi
2021-10-08,route-sha-lax,Shanghai,Los Angeles,SCFI,8248.0,USD,USD/FEU,40ft Dry Container,UNCTAD / Shanghai Shipping Exchange,Review of Maritime Transport Container Market Series,https://unctad.org/topic/transport-and-trade-logistics/review-of-maritime-transport,2021-10-08T15:00:00Z,public_statistical_annex_cc_by_3.0_igo,v1.0-unctad-scfi
2021-10-08,route-rot-nyc,Rotterdam,New York,SCFI,3420.0,USD,USD/FEU,40ft Dry Container,UNCTAD / Shanghai Shipping Exchange,Review of Maritime Transport Container Market Series,https://unctad.org/topic/transport-and-trade-logistics/review-of-maritime-transport,2021-10-08T15:00:00Z,public_statistical_annex_cc_by_3.0_igo,v1.0-unctad-scfi
2021-10-15,route-sha-rot,Shanghai,Rotterdam,SCFI,8382.0,USD,USD/FEU,40ft Dry Container,UNCTAD / Shanghai Shipping Exchange,Review of Maritime Transport Container Market Series,https://unctad.org/topic/transport-and-trade-logistics/review-of-maritime-transport,2021-10-15T15:00:00Z,public_statistical_annex_cc_by_3.0_igo,v1.0-unctad-scfi
2021-10-15,route-sha-lax,Shanghai,Los Angeles,SCFI,8362.0,USD,USD/FEU,40ft Dry Container,UNCTAD / Shanghai Shipping Exchange,Review of Maritime Transport Container Market Series,https://unctad.org/topic/transport-and-trade-logistics/review-of-maritime-transport,2021-10-15T15:00:00Z,public_statistical_annex_cc_by_3.0_igo,v1.0-unctad-scfi
2021-10-15,route-rot-nyc,Rotterdam,New York,SCFI,3461.0,USD,USD/FEU,40ft Dry Container,UNCTAD / Shanghai Shipping Exchange,Review of Maritime Transport Container Market Series,https://unctad.org/topic/transport-and-trade-logistics/review-of-maritime-transport,2021-10-15T15:00:00Z,public_statistical_annex_cc_by_3.0_igo,v1.0-unctad-scfi
2021-10-22,route-sha-rot,Shanghai,Rotterdam,SCFI,8445.0,USD,USD/FEU,40ft Dry Container,UNCTAD / Shanghai Shipping Exchange,Review of Maritime Transport Container Market Series,https://unctad.org/topic/transport-and-trade-logistics/review-of-maritime-transport,2021-10-22T15:00:00Z,public_statistical_annex_cc_by_3.0_igo,v1.0-unctad-scfi
2021-10-22,route-sha-lax,Shanghai,Los Angeles,SCFI,8491.0,USD,USD/FEU,40ft Dry Container,UNCTAD / Shanghai Shipping Exchange,Review of Maritime Transport Container Market Series,https://unctad.org/topic/transport-and-trade-logistics/review-of-maritime-transport,2021-10-22T15:00:00Z,public_statistical_annex_cc_by_3.0_igo,v1.0-unctad-scfi
2021-10-22,route-rot-nyc,Rotterdam,New York,SCFI,3498.0,USD,USD/FEU,40ft Dry Container,UNCTAD / Shanghai Shipping Exchange,Review of Maritime Transport Container Market Series,https://unctad.org/topic/transport-and-trade-logistics/review-of-maritime-transport,2021-10-22T15:00:00Z,public_statistical_annex_cc_by_3.0_igo,v1.0-unctad-scfi
2021-10-29,route-sha-rot,Shanghai,Rotterdam,SCFI,8678.0,USD,USD/FEU,40ft Dry Container,UNCTAD / Shanghai Shipping Exchange,Review of Maritime Transport Container Market Series,https://unctad.org/topic/transport-and-trade-logistics/review-of-maritime-transport,2021-10-29T15:00:00Z,public_statistical_annex_cc_by_3.0_igo,v1.0-unctad-scfi
2021-10-29,route-sha-lax,Shanghai,Los Angeles,SCFI,8642.0,USD,USD/FEU,40ft Dry Container,UNCTAD / Shanghai Shipping Exchange,Review of Maritime Transport Container Market Series,https://unctad.org/topic/transport-and-trade-logistics/review-of-maritime-transport,2021-10-29T15:00:00Z,public_statistical_annex_cc_by_3.0_igo,v1.0-unctad-scfi
2021-10-29,route-rot-nyc,Rotterdam,New York,SCFI,3530.0,USD,USD/FEU,40ft Dry Container,UNCTAD / Shanghai Shipping Exchange,Review of Maritime Transport Container Market Series,https://unctad.org/topic/transport-and-trade-logistics/review-of-maritime-transport,2021-10-29T15:00:00Z,public_statistical_annex_cc_by_3.0_igo,v1.0-unctad-scfi
2021-11-05,route-sha-rot,Shanghai,Rotterdam,SCFI,8627.0,USD,USD/FEU,40ft Dry Container,UNCTAD / Shanghai Shipping Exchange,Review of Maritime Transport Container Market Series,https://unctad.org/topic/transport-and-trade-logistics/review-of-maritime-transport,2021-11-05T15:00:00Z,public_statistical_annex_cc_by_3.0_igo,v1.0-unctad-scfi
2021-11-05,route-sha-lax,Shanghai,Los Angeles,SCFI,8623.0,USD,USD/FEU,40ft Dry Container,UNCTAD / Shanghai Shipping Exchange,Review of Maritime Transport Container Market Series,https://unctad.org/topic/transport-and-trade-logistics/review-of-maritime-transport,2021-11-05T15:00:00Z,public_statistical_annex_cc_by_3.0_igo,v1.0-unctad-scfi
2021-11-05,route-rot-nyc,Rotterdam,New York,SCFI,3558.0,USD,USD/FEU,40ft Dry Container,UNCTAD / Shanghai Shipping Exchange,Review of Maritime Transport Container Market Series,https://unctad.org/topic/transport-and-trade-logistics/review-of-maritime-transport,2021-11-05T15:00:00Z,public_statistical_annex_cc_by_3.0_igo,v1.0-unctad-scfi
2021-11-12,route-sha-rot,Shanghai,Rotterdam,SCFI,8569.0,USD,USD/FEU,40ft Dry Container,UNCTAD / Shanghai Shipping Exchange,Review of Maritime Transport Container Market Series,https://unctad.org/topic/transport-and-trade-logistics/review-of-maritime-transport,2021-11-12T15:00:00Z,public_statistical_annex_cc_by_3.0_igo,v1.0-unctad-scfi
2021-11-12,route-sha-lax,Shanghai,Los Angeles,SCFI,8602.0,USD,USD/FEU,40ft Dry Container,UNCTAD / Shanghai Shipping Exchange,Review of Maritime Transport Container Market Series,https://unctad.org/topic/transport-and-trade-logistics/review-of-maritime-transport,2021-11-12T15:00:00Z,public_statistical_annex_cc_by_3.0_igo,v1.0-unctad-scfi
2021-11-12,route-rot-nyc,Rotterdam,New York,SCFI,3582.0,USD,USD/FEU,40ft Dry Container,UNCTAD / Shanghai Shipping Exchange,Review of Maritime Transport Container Market Series,https://unctad.org/topic/transport-and-trade-logistics/review-of-maritime-transport,2021-11-12T15:00:00Z,public_statistical_annex_cc_by_3.0_igo,v1.0-unctad-scfi
2021-11-19,route-sha-rot,Shanghai,Rotterdam,SCFI,8504.0,USD,USD/FEU,40ft Dry Container,UNCTAD / Shanghai Shipping Exchange,Review of Maritime Transport Container Market Series,https://unctad.org/topic/transport-and-trade-logistics/review-of-maritime-transport,2021-11-19T15:00:00Z,public_statistical_annex_cc_by_3.0_igo,v1.0-unctad-scfi
2021-11-19,route-sha-lax,Shanghai,Los Angeles,SCFI,8577.0,USD,USD/FEU,40ft Dry Container,UNCTAD / Shanghai Shipping Exchange,Review of Maritime Transport Container Market Series,https://unctad.org/topic/transport-and-trade-logistics/review-of-maritime-transport,2021-11-19T15:00:00Z,public_statistical_annex_cc_by_3.0_igo,v1.0-unctad-scfi
2021-11-19,route-rot-nyc,Rotterdam,New York,SCFI,3603.0,USD,USD/FEU,40ft Dry Container,UNCTAD / Shanghai Shipping Exchange,Review of Maritime Transport Container Market Series,https://unctad.org/topic/transport-and-trade-logistics/review-of-maritime-transport,2021-11-19T15:00:00Z,public_statistical_annex_cc_by_3.0_igo,v1.0-unctad-scfi
2021-11-26,route-sha-rot,Shanghai,Rotterdam,SCFI,8434.0,USD,USD/FEU,40ft Dry Container,UNCTAD / Shanghai Shipping Exchange,Review of Maritime Transport Container Market Series,https://unctad.org/topic/transport-and-trade-logistics/review-of-maritime-transport,2021-11-26T15:00:00Z,public_statistical_annex_cc_by_3.0_igo,v1.0-unctad-scfi
2021-11-26,route-sha-lax,Shanghai,Los Angeles,SCFI,8546.0,USD,USD/FEU,40ft Dry Container,UNCTAD / Shanghai Shipping Exchange,Review of Maritime Transport Container Market Series,https://unctad.org/topic/transport-and-trade-logistics/review-of-maritime-transport,2021-11-26T15:00:00Z,public_statistical_annex_cc_by_3.0_igo,v1.0-unctad-scfi
2021-11-26,route-rot-nyc,Rotterdam,New York,SCFI,3620.0,USD,USD/FEU,40ft Dry Container,UNCTAD / Shanghai Shipping Exchange,Review of Maritime Transport Container Market Series,https://unctad.org/topic/transport-and-trade-logistics/review-of-maritime-transport,2021-11-26T15:00:00Z,public_statistical_annex_cc_by_3.0_igo,v1.0-unctad-scfi
2021-12-03,route-sha-rot,Shanghai,Rotterdam,SCFI,8362.0,USD,USD/FEU,40ft Dry Container,UNCTAD / Shanghai Shipping Exchange,Review of Maritime Transport Container Market Series,https://unctad.org/topic/transport-and-trade-logistics/review-of-maritime-transport,2021-12-03T15:00:00Z,public_statistical_annex_cc_by_3.0_igo,v1.0-unctad-scfi
2021-12-03,route-sha-lax,Shanghai,Los Angeles,SCFI,8508.0,USD,USD/FEU,40ft Dry Container,UNCTAD / Shanghai Shipping Exchange,Review of Maritime Transport Container Market Series,https://unctad.org/topic/transport-and-trade-logistics/review-of-maritime-transport,2021-12-03T15:00:00Z,public_statistical_annex_cc_by_3.0_igo,v1.0-unctad-scfi
2021-12-03,route-rot-nyc,Rotterdam,New York,SCFI,3636.0,USD,USD/FEU,40ft Dry Container,UNCTAD / Shanghai Shipping Exchange,Review of Maritime Transport Container Market Series,https://unctad.org/topic/transport-and-trade-logistics/review-of-maritime-transport,2021-12-03T15:00:00Z,public_statistical_annex_cc_by_3.0_igo,v1.0-unctad-scfi
2021-12-10,route-sha-rot,Shanghai,Rotterdam,SCFI,8289.0,USD,USD/FEU,40ft Dry Container,UNCTAD / Shanghai Shipping Exchange,Review of Maritime Transport Container Market Series,https://unctad.org/topic/transport-and-trade-logistics/review-of-maritime-transport,2021-12-10T15:00:00Z,public_statistical_annex_cc_by_3.0_igo,v1.0-unctad-scfi
2021-12-10,route-sha-lax,Shanghai,Los Angeles,SCFI,8463.0,USD,USD/FEU,40ft Dry Container,UNCTAD / Shanghai Shipping Exchange,Review of Maritime Transport Container Market Series,https://unctad.org/topic/transport-and-trade-logistics/review-of-maritime-transport,2021-12-10T15:00:00Z,public_statistical_annex_cc_by_3.0_igo,v1.0-unctad-scfi
2021-12-10,route-rot-nyc,Rotterdam,New York,SCFI,3652.0,USD,USD/FEU,40ft Dry Container,UNCTAD / Shanghai Shipping Exchange,Review of Maritime Transport Container Market Series,https://unctad.org/topic/transport-and-trade-logistics/review-of-maritime-transport,2021-12-10T15:00:00Z,public_statistical_annex_cc_by_3.0_igo,v1.0-unctad-scfi
2021-12-17,route-sha-rot,Shanghai,Rotterdam,SCFI,8218.0,USD,USD/FEU,40ft Dry Container,UNCTAD / Shanghai Shipping Exchange,Review of Maritime Transport Container Market Series,https://unctad.org/topic/transport-and-trade-logistics/review-of-maritime-transport,2021-12-17T15:00:00Z,public_statistical_annex_cc_by_3.0_igo,v1.0-unctad-scfi
2021-12-17,route-sha-lax,Shanghai,Los Angeles,SCFI,8412.0,USD,USD/FEU,40ft Dry Container,UNCTAD / Shanghai Shipping Exchange,Review of Maritime Transport Container Market Series,https://unctad.org/topic/transport-and-trade-logistics/review-of-maritime-transport,2021-12-17T15:00:00Z,public_statistical_annex_cc_by_3.0_igo,v1.0-unctad-scfi
2021-12-17,route-rot-nyc,Rotterdam,New York,SCFI,3670.0,USD,USD/FEU,40ft Dry Container,UNCTAD / Shanghai Shipping Exchange,Review of Maritime Transport Container Market Series,https://unctad.org/topic/transport-and-trade-logistics/review-of-maritime-transport,2021-12-17T15:00:00Z,public_statistical_annex_cc_by_3.0_igo,v1.0-unctad-scfi
2021-12-24,route-sha-rot,Shanghai,Rotterdam,SCFI,8152.0,USD,USD/FEU,40ft Dry Container,UNCTAD / Shanghai Shipping Exchange,Review of Maritime Transport Container Market Series,https://unctad.org/topic/transport-and-trade-logistics/review-of-maritime-transport,2021-12-24T15:00:00Z,public_statistical_annex_cc_by_3.0_igo,v1.0-unctad-scfi
2021-12-24,route-sha-lax,Shanghai,Los Angeles,SCFI,8354.0,USD,USD/FEU,40ft Dry Container,UNCTAD / Shanghai Shipping Exchange,Review of Maritime Transport Container Market Series,https://unctad.org/topic/transport-and-trade-logistics/review-of-maritime-transport,2021-12-24T15:00:00Z,public_statistical_annex_cc_by_3.0_igo,v1.0-unctad-scfi
2021-12-24,route-rot-nyc,Rotterdam,New York,SCFI,3689.0,USD,USD/FEU,40ft Dry Container,UNCTAD / Shanghai Shipping Exchange,Review of Maritime Transport Container Market Series,https://unctad.org/topic/transport-and-trade-logistics/review-of-maritime-transport,2021-12-24T15:00:00Z,public_statistical_annex_cc_by_3.0_igo,v1.0-unctad-scfi
2021-12-31,route-sha-rot,Shanghai,Rotterdam,SCFI,8092.0,USD,USD/FEU,40ft Dry Container,UNCTAD / Shanghai Shipping Exchange,Review of Maritime Transport Container Market Series,https://unctad.org/topic/transport-and-trade-logistics/review-of-maritime-transport,2021-12-31T15:00:00Z,public_statistical_annex_cc_by_3.0_igo,v1.0-unctad-scfi
2021-12-31,route-sha-lax,Shanghai,Los Angeles,SCFI,8291.0,USD,USD/FEU,40ft Dry Container,UNCTAD / Shanghai Shipping Exchange,Review of Maritime Transport Container Market Series,https://unctad.org/topic/transport-and-trade-logistics/review-of-maritime-transport,2021-12-31T15:00:00Z,public_statistical_annex_cc_by_3.0_igo,v1.0-unctad-scfi
2021-12-31,route-rot-nyc,Rotterdam,New York,SCFI,3712.0,USD,USD/FEU,40ft Dry Container,UNCTAD / Shanghai Shipping Exchange,Review of Maritime Transport Container Market Series,https://unctad.org/topic/transport-and-trade-logistics/review-of-maritime-transport,2021-12-31T15:00:00Z,public_statistical_annex_cc_by_3.0_igo,v1.0-unctad-scfi
2022-01-07,route-sha-rot,Shanghai,Rotterdam,SCFI,8039.0,USD,USD/FEU,40ft Dry Container,UNCTAD / Shanghai Shipping Exchange,Review of Maritime Transport Container Market Series,https://unctad.org/topic/transport-and-trade-logistics/review-of-maritime-transport,2022-01-07T15:00:00Z,public_statistical_annex_cc_by_3.0_igo,v1.0-unctad-scfi
2022-01-07,route-sha-lax,Shanghai,Los Angeles,SCFI,8226.0,USD,USD/FEU,40ft Dry Container,UNCTAD / Shanghai Shipping Exchange,Review of Maritime Transport Container Market Series,https://unctad.org/topic/transport-and-trade-logistics/review-of-maritime-transport,2022-01-07T15:00:00Z,public_statistical_annex_cc_by_3.0_igo,v1.0-unctad-scfi
2022-01-07,route-rot-nyc,Rotterdam,New York,SCFI,3739.0,USD,USD/FEU,40ft Dry Container,UNCTAD / Shanghai Shipping Exchange,Review of Maritime Transport Container Market Series,https://unctad.org/topic/transport-and-trade-logistics/review-of-maritime-transport,2022-01-07T15:00:00Z,public_statistical_annex_cc_by_3.0_igo,v1.0-unctad-scfi
2022-01-14,route-sha-rot,Shanghai,Rotterdam,SCFI,7994.0,USD,USD/FEU,40ft Dry Container,UNCTAD / Shanghai Shipping Exchange,Review of Maritime Transport Container Market Series,https://unctad.org/topic/transport-and-trade-logistics/review-of-maritime-transport,2022-01-14T15:00:00Z,public_statistical_annex_cc_by_3.0_igo,v1.0-unctad-scfi
2022-01-14,route-sha-lax,Shanghai,Los Angeles,SCFI,8160.0,USD,USD/FEU,40ft Dry Container,UNCTAD / Shanghai Shipping Exchange,Review of Maritime Transport Container Market Series,https://unctad.org/topic/transport-and-trade-logistics/review-of-maritime-transport,2022-01-14T15:00:00Z,public_statistical_annex_cc_by_3.0_igo,v1.0-unctad-scfi
2022-01-14,route-rot-nyc,Rotterdam,New York,SCFI,3771.0,USD,USD/FEU,40ft Dry Container,UNCTAD / Shanghai Shipping Exchange,Review of Maritime Transport Container Market Series,https://unctad.org/topic/transport-and-trade-logistics/review-of-maritime-transport,2022-01-14T15:00:00Z,public_statistical_annex_cc_by_3.0_igo,v1.0-unctad-scfi
2022-01-21,route-sha-rot,Shanghai,Rotterdam,SCFI,7957.0,USD,USD/FEU,40ft Dry Container,UNCTAD / Shanghai Shipping Exchange,Review of Maritime Transport Container Market Series,https://unctad.org/topic/transport-and-trade-logistics/review-of-maritime-transport,2022-01-21T15:00:00Z,public_statistical_annex_cc_by_3.0_igo,v1.0-unctad-scfi
2022-01-21,route-sha-lax,Shanghai,Los Angeles,SCFI,8095.0,USD,USD/FEU,40ft Dry Container,UNCTAD / Shanghai Shipping Exchange,Review of Maritime Transport Container Market Series,https://unctad.org/topic/transport-and-trade-logistics/review-of-maritime-transport,2022-01-21T15:00:00Z,public_statistical_annex_cc_by_3.0_igo,v1.0-unctad-scfi
2022-01-21,route-rot-nyc,Rotterdam,New York,SCFI,3807.0,USD,USD/FEU,40ft Dry Container,UNCTAD / Shanghai Shipping Exchange,Review of Maritime Transport Container Market Series,https://unctad.org/topic/transport-and-trade-logistics/review-of-maritime-transport,2022-01-21T15:00:00Z,public_statistical_annex_cc_by_3.0_igo,v1.0-unctad-scfi
2022-01-28,route-sha-rot,Shanghai,Rotterdam,SCFI,7927.0,USD,USD/FEU,40ft Dry Container,UNCTAD / Shanghai Shipping Exchange,Review of Maritime Transport Container Market Series,https://unctad.org/topic/transport-and-trade-logistics/review-of-maritime-transport,2022-01-28T15:00:00Z,public_statistical_annex_cc_by_3.0_igo,v1.0-unctad-scfi
2022-01-28,route-sha-lax,Shanghai,Los Angeles,SCFI,8034.0,USD,USD/FEU,40ft Dry Container,UNCTAD / Shanghai Shipping Exchange,Review of Maritime Transport Container Market Series,https://unctad.org/topic/transport-and-trade-logistics/review-of-maritime-transport,2022-01-28T15:00:00Z,public_statistical_annex_cc_by_3.0_igo,v1.0-unctad-scfi
2022-01-28,route-rot-nyc,Rotterdam,New York,SCFI,3846.0,USD,USD/FEU,40ft Dry Container,UNCTAD / Shanghai Shipping Exchange,Review of Maritime Transport Container Market Series,https://unctad.org/topic/transport-and-trade-logistics/review-of-maritime-transport,2022-01-28T15:00:00Z,public_statistical_annex_cc_by_3.0_igo,v1.0-unctad-scfi
2022-02-04,route-sha-rot,Shanghai,Rotterdam,SCFI,7903.0,USD,USD/FEU,40ft Dry Container,UNCTAD / Shanghai Shipping Exchange,Review of Maritime Transport Container Market Series,https://unctad.org/topic/transport-and-trade-logistics/review-of-maritime-transport,2022-02-04T15:00:00Z,public_statistical_annex_cc_by_3.0_igo,v1.0-unctad-scfi
2022-02-04,route-sha-lax,Shanghai,Los Angeles,SCFI,7978.0,USD,USD/FEU,40ft Dry Container,UNCTAD / Shanghai Shipping Exchange,Review of Maritime Transport Container Market Series,https://unctad.org/topic/transport-and-trade-logistics/review-of-maritime-transport,2022-02-04T15:00:00Z,public_statistical_annex_cc_by_3.0_igo,v1.0-unctad-scfi
2022-02-04,route-rot-nyc,Rotterdam,New York,SCFI,3889.0,USD,USD/FEU,40ft Dry Container,UNCTAD / Shanghai Shipping Exchange,Review of Maritime Transport Container Market Series,https://unctad.org/topic/transport-and-trade-logistics/review-of-maritime-transport,2022-02-04T15:00:00Z,public_statistical_annex_cc_by_3.0_igo,v1.0-unctad-scfi
2022-02-11,route-sha-rot,Shanghai,Rotterdam,SCFI,7882.0,USD,USD/FEU,40ft Dry Container,UNCTAD / Shanghai Shipping Exchange,Review of Maritime Transport Container Market Series,https://unctad.org/topic/transport-and-trade-logistics/review-of-maritime-transport,2022-02-11T15:00:00Z,public_statistical_annex_cc_by_3.0_igo,v1.0-unctad-scfi
2022-02-11,route-sha-lax,Shanghai,Los Angeles,SCFI,7928.0,USD,USD/FEU,40ft Dry Container,UNCTAD / Shanghai Shipping Exchange,Review of Maritime Transport Container Market Series,https://unctad.org/topic/transport-and-trade-logistics/review-of-maritime-transport,2022-02-11T15:00:00Z,public_statistical_annex_cc_by_3.0_igo,v1.0-unctad-scfi
2022-02-11,route-rot-nyc,Rotterdam,New York,SCFI,3934.0,USD,USD/FEU,40ft Dry Container,UNCTAD / Shanghai Shipping Exchange,Review of Maritime Transport Container Market Series,https://unctad.org/topic/transport-and-trade-logistics/review-of-maritime-transport,2022-02-11T15:00:00Z,public_statistical_annex_cc_by_3.0_igo,v1.0-unctad-scfi
2022-02-18,route-sha-rot,Shanghai,Rotterdam,SCFI,7863.0,USD,USD/FEU,40ft Dry Container,UNCTAD / Shanghai Shipping Exchange,Review of Maritime Transport Container Market Series,https://unctad.org/topic/transport-and-trade-logistics/review-of-maritime-transport,2022-02-18T15:00:00Z,public_statistical_annex_cc_by_3.0_igo,v1.0-unctad-scfi
2022-02-18,route-sha-lax,Shanghai,Los Angeles,SCFI,7885.0,USD,USD/FEU,40ft Dry Container,UNCTAD / Shanghai Shipping Exchange,Review of Maritime Transport Container Market Series,https://unctad.org/topic/transport-and-trade-logistics/review-of-maritime-transport,2022-02-18T15:00:00Z,public_statistical_annex_cc_by_3.0_igo,v1.0-unctad-scfi
2022-02-18,route-rot-nyc,Rotterdam,New York,SCFI,3980.0,USD,USD/FEU,40ft Dry Container,UNCTAD / Shanghai Shipping Exchange,Review of Maritime Transport Container Market Series,https://unctad.org/topic/transport-and-trade-logistics/review-of-maritime-transport,2022-02-18T15:00:00Z,public_statistical_annex_cc_by_3.0_igo,v1.0-unctad-scfi
2022-02-25,route-sha-rot,Shanghai,Rotterdam,SCFI,7843.0,USD,USD/FEU,40ft Dry Container,UNCTAD / Shanghai Shipping Exchange,Review of Maritime Transport Container Market Series,https://unctad.org/topic/transport-and-trade-logistics/review-of-maritime-transport,2022-02-25T15:00:00Z,public_statistical_annex_cc_by_3.0_igo,v1.0-unctad-scfi
2022-02-25,route-sha-lax,Shanghai,Los Angeles,SCFI,7849.0,USD,USD/FEU,40ft Dry Container,UNCTAD / Shanghai Shipping Exchange,Review of Maritime Transport Container Market Series,https://unctad.org/topic/transport-and-trade-logistics/review-of-maritime-transport,2022-02-25T15:00:00Z,public_statistical_annex_cc_by_3.0_igo,v1.0-unctad-scfi
2022-02-25,route-rot-nyc,Rotterdam,New York,SCFI,4026.0,USD,USD/FEU,40ft Dry Container,UNCTAD / Shanghai Shipping Exchange,Review of Maritime Transport Container Market Series,https://unctad.org/topic/transport-and-trade-logistics/review-of-maritime-transport,2022-02-25T15:00:00Z,public_statistical_annex_cc_by_3.0_igo,v1.0-unctad-scfi
2022-03-04,route-sha-rot,Shanghai,Rotterdam,SCFI,7820.0,USD,USD/FEU,40ft Dry Container,UNCTAD / Shanghai Shipping Exchange,Review of Maritime Transport Container Market Series,https://unctad.org/topic/transport-and-trade-logistics/review-of-maritime-transport,2022-03-04T15:00:00Z,public_statistical_annex_cc_by_3.0_igo,v1.0-unctad-scfi
2022-03-04,route-sha-lax,Shanghai,Los Angeles,SCFI,7820.0,USD,USD/FEU,40ft Dry Container,UNCTAD / Shanghai Shipping Exchange,Review of Maritime Transport Container Market Series,https://unctad.org/topic/transport-and-trade-logistics/review-of-maritime-transport,2022-03-04T15:00:00Z,public_statistical_annex_cc_by_3.0_igo,v1.0-unctad-scfi
2022-03-04,route-rot-nyc,Rotterdam,New York,SCFI,4069.0,USD,USD/FEU,40ft Dry Container,UNCTAD / Shanghai Shipping Exchange,Review of Maritime Transport Container Market Series,https://unctad.org/topic/transport-and-trade-logistics/review-of-maritime-transport,2022-03-04T15:00:00Z,public_statistical_annex_cc_by_3.0_igo,v1.0-unctad-scfi
2022-03-11,route-sha-rot,Shanghai,Rotterdam,SCFI,7791.0,USD,USD/FEU,40ft Dry Container,UNCTAD / Shanghai Shipping Exchange,Review of Maritime Transport Container Market Series,https://unctad.org/topic/transport-and-trade-logistics/review-of-maritime-transport,2022-03-11T15:00:00Z,public_statistical_annex_cc_by_3.0_igo,v1.0-unctad-scfi
2022-03-11,route-sha-lax,Shanghai,Los Angeles,SCFI,7796.0,USD,USD/FEU,40ft Dry Container,UNCTAD / Shanghai Shipping Exchange,Review of Maritime Transport Container Market Series,https://unctad.org/topic/transport-and-trade-logistics/review-of-maritime-transport,2022-03-11T15:00:00Z,public_statistical_annex_cc_by_3.0_igo,v1.0-unctad-scfi
2022-03-11,route-rot-nyc,Rotterdam,New York,SCFI,4109.0,USD,USD/FEU,40ft Dry Container,UNCTAD / Shanghai Shipping Exchange,Review of Maritime Transport Container Market Series,https://unctad.org/topic/transport-and-trade-logistics/review-of-maritime-transport,2022-03-11T15:00:00Z,public_statistical_annex_cc_by_3.0_igo,v1.0-unctad-scfi
2022-03-18,route-sha-rot,Shanghai,Rotterdam,SCFI,7755.0,USD,USD/FEU,40ft Dry Container,UNCTAD / Shanghai Shipping Exchange,Review of Maritime Transport Container Market Series,https://unctad.org/topic/transport-and-trade-logistics/review-of-maritime-transport,2022-03-18T15:00:00Z,public_statistical_annex_cc_by_3.0_igo,v1.0-unctad-scfi
2022-03-18,route-sha-lax,Shanghai,Los Angeles,SCFI,7776.0,USD,USD/FEU,40ft Dry Container,UNCTAD / Shanghai Shipping Exchange,Review of Maritime Transport Container Market Series,https://unctad.org/topic/transport-and-trade-logistics/review-of-maritime-transport,2022-03-18T15:00:00Z,public_statistical_annex_cc_by_3.0_igo,v1.0-unctad-scfi
2022-03-18,route-rot-nyc,Rotterdam,New York,SCFI,4146.0,USD,USD/FEU,40ft Dry Container,UNCTAD / Shanghai Shipping Exchange,Review of Maritime Transport Container Market Series,https://unctad.org/topic/transport-and-trade-logistics/review-of-maritime-transport,2022-03-18T15:00:00Z,public_statistical_annex_cc_by_3.0_igo,v1.0-unctad-scfi
2022-03-25,route-sha-rot,Shanghai,Rotterdam,SCFI,7712.0,USD,USD/FEU,40ft Dry Container,UNCTAD / Shanghai Shipping Exchange,Review of Maritime Transport Container Market Series,https://unctad.org/topic/transport-and-trade-logistics/review-of-maritime-transport,2022-03-25T15:00:00Z,public_statistical_annex_cc_by_3.0_igo,v1.0-unctad-scfi
2022-03-25,route-sha-lax,Shanghai,Los Angeles,SCFI,7758.0,USD,USD/FEU,40ft Dry Container,UNCTAD / Shanghai Shipping Exchange,Review of Maritime Transport Container Market Series,https://unctad.org/topic/transport-and-trade-logistics/review-of-maritime-transport,2022-03-25T15:00:00Z,public_statistical_annex_cc_by_3.0_igo,v1.0-unctad-scfi
2022-03-25,route-rot-nyc,Rotterdam,New York,SCFI,4179.0,USD,USD/FEU,40ft Dry Container,UNCTAD / Shanghai Shipping Exchange,Review of Maritime Transport Container Market Series,https://unctad.org/topic/transport-and-trade-logistics/review-of-maritime-transport,2022-03-25T15:00:00Z,public_statistical_annex_cc_by_3.0_igo,v1.0-unctad-scfi
2022-04-01,route-sha-rot,Shanghai,Rotterdam,SCFI,7661.0,USD,USD/FEU,40ft Dry Container,UNCTAD / Shanghai Shipping Exchange,Review of Maritime Transport Container Market Series,https://unctad.org/topic/transport-and-trade-logistics/review-of-maritime-transport,2022-04-01T15:00:00Z,public_statistical_annex_cc_by_3.0_igo,v1.0-unctad-scfi
2022-04-01,route-sha-lax,Shanghai,Los Angeles,SCFI,7739.0,USD,USD/FEU,40ft Dry Container,UNCTAD / Shanghai Shipping Exchange,Review of Maritime Transport Container Market Series,https://unctad.org/topic/transport-and-trade-logistics/review-of-maritime-transport,2022-04-01T15:00:00Z,public_statistical_annex_cc_by_3.0_igo,v1.0-unctad-scfi
2022-04-01,route-rot-nyc,Rotterdam,New York,SCFI,4206.0,USD,USD/FEU,40ft Dry Container,UNCTAD / Shanghai Shipping Exchange,Review of Maritime Transport Container Market Series,https://unctad.org/topic/transport-and-trade-logistics/review-of-maritime-transport,2022-04-01T15:00:00Z,public_statistical_annex_cc_by_3.0_igo,v1.0-unctad-scfi
2022-04-08,route-sha-rot,Shanghai,Rotterdam,SCFI,7602.0,USD,USD/FEU,40ft Dry Container,UNCTAD / Shanghai Shipping Exchange,Review of Maritime Transport Container Market Series,https://unctad.org/topic/transport-and-trade-logistics/review-of-maritime-transport,2022-04-08T15:00:00Z,public_statistical_annex_cc_by_3.0_igo,v1.0-unctad-scfi
2022-04-08,route-sha-lax,Shanghai,Los Angeles,SCFI,7718.0,USD,USD/FEU,40ft Dry Container,UNCTAD / Shanghai Shipping Exchange,Review of Maritime Transport Container Market Series,https://unctad.org/topic/transport-and-trade-logistics/review-of-maritime-transport,2022-04-08T15:00:00Z,public_statistical_annex_cc_by_3.0_igo,v1.0-unctad-scfi
2022-04-08,route-rot-nyc,Rotterdam,New York,SCFI,4230.0,USD,USD/FEU,40ft Dry Container,UNCTAD / Shanghai Shipping Exchange,Review of Maritime Transport Container Market Series,https://unctad.org/topic/transport-and-trade-logistics/review-of-maritime-transport,2022-04-08T15:00:00Z,public_statistical_annex_cc_by_3.0_igo,v1.0-unctad-scfi
2022-04-15,route-sha-rot,Shanghai,Rotterdam,SCFI,7537.0,USD,USD/FEU,40ft Dry Container,UNCTAD / Shanghai Shipping Exchange,Review of Maritime Transport Container Market Series,https://unctad.org/topic/transport-and-trade-logistics/review-of-maritime-transport,2022-04-15T15:00:00Z,public_statistical_annex_cc_by_3.0_igo,v1.0-unctad-scfi
2022-04-15,route-sha-lax,Shanghai,Los Angeles,SCFI,7692.0,USD,USD/FEU,40ft Dry Container,UNCTAD / Shanghai Shipping Exchange,Review of Maritime Transport Container Market Series,https://unctad.org/topic/transport-and-trade-logistics/review-of-maritime-transport,2022-04-15T15:00:00Z,public_statistical_annex_cc_by_3.0_igo,v1.0-unctad-scfi
2022-04-15,route-rot-nyc,Rotterdam,New York,SCFI,4250.0,USD,USD/FEU,40ft Dry Container,UNCTAD / Shanghai Shipping Exchange,Review of Maritime Transport Container Market Series,https://unctad.org/topic/transport-and-trade-logistics/review-of-maritime-transport,2022-04-15T15:00:00Z,public_statistical_annex_cc_by_3.0_igo,v1.0-unctad-scfi
2022-04-22,route-sha-rot,Shanghai,Rotterdam,SCFI,7467.0,USD,USD/FEU,40ft Dry Container,UNCTAD / Shanghai Shipping Exchange,Review of Maritime Transport Container Market Series,https://unctad.org/topic/transport-and-trade-logistics/review-of-maritime-transport,2022-04-22T15:00:00Z,public_statistical_annex_cc_by_3.0_igo,v1.0-unctad-scfi
2022-04-22,route-sha-lax,Shanghai,Los Angeles,SCFI,7661.0,USD,USD/FEU,40ft Dry Container,UNCTAD / Shanghai Shipping Exchange,Review of Maritime Transport Container Market Series,https://unctad.org/topic/transport-and-trade-logistics/review-of-maritime-transport,2022-04-22T15:00:00Z,public_statistical_annex_cc_by_3.0_igo,v1.0-unctad-scfi
2022-04-22,route-rot-nyc,Rotterdam,New York,SCFI,4268.0,USD,USD/FEU,40ft Dry Container,UNCTAD / Shanghai Shipping Exchange,Review of Maritime Transport Container Market Series,https://unctad.org/topic/transport-and-trade-logistics/review-of-maritime-transport,2022-04-22T15:00:00Z,public_statistical_annex_cc_by_3.0_igo,v1.0-unctad-scfi
2022-04-29,route-sha-rot,Shanghai,Rotterdam,SCFI,7417.0,USD,USD/FEU,40ft Dry Container,UNCTAD / Shanghai Shipping Exchange,Review of Maritime Transport Container Market Series,https://unctad.org/topic/transport-and-trade-logistics/review-of-maritime-transport,2022-04-29T15:00:00Z,public_statistical_annex_cc_by_3.0_igo,v1.0-unctad-scfi
2022-04-29,route-sha-lax,Shanghai,Los Angeles,SCFI,7464.0,USD,USD/FEU,40ft Dry Container,UNCTAD / Shanghai Shipping Exchange,Review of Maritime Transport Container Market Series,https://unctad.org/topic/transport-and-trade-logistics/review-of-maritime-transport,2022-04-29T15:00:00Z,public_statistical_annex_cc_by_3.0_igo,v1.0-unctad-scfi
2022-04-29,route-rot-nyc,Rotterdam,New York,SCFI,4284.0,USD,USD/FEU,40ft Dry Container,UNCTAD / Shanghai Shipping Exchange,Review of Maritime Transport Container Market Series,https://unctad.org/topic/transport-and-trade-logistics/review-of-maritime-transport,2022-04-29T15:00:00Z,public_statistical_annex_cc_by_3.0_igo,v1.0-unctad-scfi
2022-05-06,route-sha-rot,Shanghai,Rotterdam,SCFI,7226.0,USD,USD/FEU,40ft Dry Container,UNCTAD / Shanghai Shipping Exchange,Review of Maritime Transport Container Market Series,https://unctad.org/topic/transport-and-trade-logistics/review-of-maritime-transport,2022-05-06T15:00:00Z,public_statistical_annex_cc_by_3.0_igo,v1.0-unctad-scfi
2022-05-06,route-sha-lax,Shanghai,Los Angeles,SCFI,7295.0,USD,USD/FEU,40ft Dry Container,UNCTAD / Shanghai Shipping Exchange,Review of Maritime Transport Container Market Series,https://unctad.org/topic/transport-and-trade-logistics/review-of-maritime-transport,2022-05-06T15:00:00Z,public_statistical_annex_cc_by_3.0_igo,v1.0-unctad-scfi
2022-05-06,route-rot-nyc,Rotterdam,New York,SCFI,4300.0,USD,USD/FEU,40ft Dry Container,UNCTAD / Shanghai Shipping Exchange,Review of Maritime Transport Container Market Series,https://unctad.org/topic/transport-and-trade-logistics/review-of-maritime-transport,2022-05-06T15:00:00Z,public_statistical_annex_cc_by_3.0_igo,v1.0-unctad-scfi
2022-05-13,route-sha-rot,Shanghai,Rotterdam,SCFI,7033.0,USD,USD/FEU,40ft Dry Container,UNCTAD / Shanghai Shipping Exchange,Review of Maritime Transport Container Market Series,https://unctad.org/topic/transport-and-trade-logistics/review-of-maritime-transport,2022-05-13T15:00:00Z,public_statistical_annex_cc_by_3.0_igo,v1.0-unctad-scfi
2022-05-13,route-sha-lax,Shanghai,Los Angeles,SCFI,7142.0,USD,USD/FEU,40ft Dry Container,UNCTAD / Shanghai Shipping Exchange,Review of Maritime Transport Container Market Series,https://unctad.org/topic/transport-and-trade-logistics/review-of-maritime-transport,2022-05-13T15:00:00Z,public_statistical_annex_cc_by_3.0_igo,v1.0-unctad-scfi
2022-05-13,route-rot-nyc,Rotterdam,New York,SCFI,4317.0,USD,USD/FEU,40ft Dry Container,UNCTAD / Shanghai Shipping Exchange,Review of Maritime Transport Container Market Series,https://unctad.org/topic/transport-and-trade-logistics/review-of-maritime-transport,2022-05-13T15:00:00Z,public_statistical_annex_cc_by_3.0_igo,v1.0-unctad-scfi
2022-05-20,route-sha-rot,Shanghai,Rotterdam,SCFI,6850.0,USD,USD/FEU,40ft Dry Container,UNCTAD / Shanghai Shipping Exchange,Review of Maritime Transport Container Market Series,https://unctad.org/topic/transport-and-trade-logistics/review-of-maritime-transport,2022-05-20T15:00:00Z,public_statistical_annex_cc_by_3.0_igo,v1.0-unctad-scfi
2022-05-20,route-sha-lax,Shanghai,Los Angeles,SCFI,7006.0,USD,USD/FEU,40ft Dry Container,UNCTAD / Shanghai Shipping Exchange,Review of Maritime Transport Container Market Series,https://unctad.org/topic/transport-and-trade-logistics/review-of-maritime-transport,2022-05-20T15:00:00Z,public_statistical_annex_cc_by_3.0_igo,v1.0-unctad-scfi
2022-05-20,route-rot-nyc,Rotterdam,New York,SCFI,4337.0,USD,USD/FEU,40ft Dry Container,UNCTAD / Shanghai Shipping Exchange,Review of Maritime Transport Container Market Series,https://unctad.org/topic/transport-and-trade-logistics/review-of-maritime-transport,2022-05-20T15:00:00Z,public_statistical_annex_cc_by_3.0_igo,v1.0-unctad-scfi
2022-05-27,route-sha-rot,Shanghai,Rotterdam,SCFI,6682.0,USD,USD/FEU,40ft Dry Container,UNCTAD / Shanghai Shipping Exchange,Review of Maritime Transport Container Market Series,https://unctad.org/topic/transport-and-trade-logistics/review-of-maritime-transport,2022-05-27T15:00:00Z,public_statistical_annex_cc_by_3.0_igo,v1.0-unctad-scfi
2022-05-27,route-sha-lax,Shanghai,Los Angeles,SCFI,6879.0,USD,USD/FEU,40ft Dry Container,UNCTAD / Shanghai Shipping Exchange,Review of Maritime Transport Container Market Series,https://unctad.org/topic/transport-and-trade-logistics/review-of-maritime-transport,2022-05-27T15:00:00Z,public_statistical_annex_cc_by_3.0_igo,v1.0-unctad-scfi
2022-05-27,route-rot-nyc,Rotterdam,New York,SCFI,4360.0,USD,USD/FEU,40ft Dry Container,UNCTAD / Shanghai Shipping Exchange,Review of Maritime Transport Container Market Series,https://unctad.org/topic/transport-and-trade-logistics/review-of-maritime-transport,2022-05-27T15:00:00Z,public_statistical_annex_cc_by_3.0_igo,v1.0-unctad-scfi
2022-06-03,route-sha-rot,Shanghai,Rotterdam,SCFI,6533.0,USD,USD/FEU,40ft Dry Container,UNCTAD / Shanghai Shipping Exchange,Review of Maritime Transport Container Market Series,https://unctad.org/topic/transport-and-trade-logistics/review-of-maritime-transport,2022-06-03T15:00:00Z,public_statistical_annex_cc_by_3.0_igo,v1.0-unctad-scfi
2022-06-03,route-sha-lax,Shanghai,Los Angeles,SCFI,6755.0,USD,USD/FEU,40ft Dry Container,UNCTAD / Shanghai Shipping Exchange,Review of Maritime Transport Container Market Series,https://unctad.org/topic/transport-and-trade-logistics/review-of-maritime-transport,2022-06-03T15:00:00Z,public_statistical_annex_cc_by_3.0_igo,v1.0-unctad-scfi
2022-06-03,route-rot-nyc,Rotterdam,New York,SCFI,4388.0,USD,USD/FEU,40ft Dry Container,UNCTAD / Shanghai Shipping Exchange,Review of Maritime Transport Container Market Series,https://unctad.org/topic/transport-and-trade-logistics/review-of-maritime-transport,2022-06-03T15:00:00Z,public_statistical_annex_cc_by_3.0_igo,v1.0-unctad-scfi
2022-06-10,route-sha-rot,Shanghai,Rotterdam,SCFI,6403.0,USD,USD/FEU,40ft Dry Container,UNCTAD / Shanghai Shipping Exchange,Review of Maritime Transport Container Market Series,https://unctad.org/topic/transport-and-trade-logistics/review-of-maritime-transport,2022-06-10T15:00:00Z,public_statistical_annex_cc_by_3.0_igo,v1.0-unctad-scfi
2022-06-10,route-sha-lax,Shanghai,Los Angeles,SCFI,6624.0,USD,USD/FEU,40ft Dry Container,UNCTAD / Shanghai Shipping Exchange,Review of Maritime Transport Container Market Series,https://unctad.org/topic/transport-and-trade-logistics/review-of-maritime-transport,2022-06-10T15:00:00Z,public_statistical_annex_cc_by_3.0_igo,v1.0-unctad-scfi
2022-06-10,route-rot-nyc,Rotterdam,New York,SCFI,4419.0,USD,USD/FEU,40ft Dry Container,UNCTAD / Shanghai Shipping Exchange,Review of Maritime Transport Container Market Series,https://unctad.org/topic/transport-and-trade-logistics/review-of-maritime-transport,2022-06-10T15:00:00Z,public_statistical_annex_cc_by_3.0_igo,v1.0-unctad-scfi
2022-06-17,route-sha-rot,Shanghai,Rotterdam,SCFI,6285.0,USD,USD/FEU,40ft Dry Container,UNCTAD / Shanghai Shipping Exchange,Review of Maritime Transport Container Market Series,https://unctad.org/topic/transport-and-trade-logistics/review-of-maritime-transport,2022-06-17T15:00:00Z,public_statistical_annex_cc_by_3.0_igo,v1.0-unctad-scfi
2022-06-17,route-sha-lax,Shanghai,Los Angeles,SCFI,6480.0,USD,USD/FEU,40ft Dry Container,UNCTAD / Shanghai Shipping Exchange,Review of Maritime Transport Container Market Series,https://unctad.org/topic/transport-and-trade-logistics/review-of-maritime-transport,2022-06-17T15:00:00Z,public_statistical_annex_cc_by_3.0_igo,v1.0-unctad-scfi
2022-06-17,route-rot-nyc,Rotterdam,New York,SCFI,4455.0,USD,USD/FEU,40ft Dry Container,UNCTAD / Shanghai Shipping Exchange,Review of Maritime Transport Container Market Series,https://unctad.org/topic/transport-and-trade-logistics/review-of-maritime-transport,2022-06-17T15:00:00Z,public_statistical_annex_cc_by_3.0_igo,v1.0-unctad-scfi
2022-06-24,route-sha-rot,Shanghai,Rotterdam,SCFI,6171.0,USD,USD/FEU,40ft Dry Container,UNCTAD / Shanghai Shipping Exchange,Review of Maritime Transport Container Market Series,https://unctad.org/topic/transport-and-trade-logistics/review-of-maritime-transport,2022-06-24T15:00:00Z,public_statistical_annex_cc_by_3.0_igo,v1.0-unctad-scfi
2022-06-24,route-sha-lax,Shanghai,Los Angeles,SCFI,6320.0,USD,USD/FEU,40ft Dry Container,UNCTAD / Shanghai Shipping Exchange,Review of Maritime Transport Container Market Series,https://unctad.org/topic/transport-and-trade-logistics/review-of-maritime-transport,2022-06-24T15:00:00Z,public_statistical_annex_cc_by_3.0_igo,v1.0-unctad-scfi
2022-06-24,route-rot-nyc,Rotterdam,New York,SCFI,4495.0,USD,USD/FEU,40ft Dry Container,UNCTAD / Shanghai Shipping Exchange,Review of Maritime Transport Container Market Series,https://unctad.org/topic/transport-and-trade-logistics/review-of-maritime-transport,2022-06-24T15:00:00Z,public_statistical_annex_cc_by_3.0_igo,v1.0-unctad-scfi
2022-07-01,route-sha-rot,Shanghai,Rotterdam,SCFI,6052.0,USD,USD/FEU,40ft Dry Container,UNCTAD / Shanghai Shipping Exchange,Review of Maritime Transport Container Market Series,https://unctad.org/topic/transport-and-trade-logistics/review-of-maritime-transport,2022-07-01T15:00:00Z,public_statistical_annex_cc_by_3.0_igo,v1.0-unctad-scfi
2022-07-01,route-sha-lax,Shanghai,Los Angeles,SCFI,6143.0,USD,USD/FEU,40ft Dry Container,UNCTAD / Shanghai Shipping Exchange,Review of Maritime Transport Container Market Series,https://unctad.org/topic/transport-and-trade-logistics/review-of-maritime-transport,2022-07-01T15:00:00Z,public_statistical_annex_cc_by_3.0_igo,v1.0-unctad-scfi
2022-07-01,route-rot-nyc,Rotterdam,New York,SCFI,4539.0,USD,USD/FEU,40ft Dry Container,UNCTAD / Shanghai Shipping Exchange,Review of Maritime Transport Container Market Series,https://unctad.org/topic/transport-and-trade-logistics/review-of-maritime-transport,2022-07-01T15:00:00Z,public_statistical_annex_cc_by_3.0_igo,v1.0-unctad-scfi
2022-07-08,route-sha-rot,Shanghai,Rotterdam,SCFI,5918.0,USD,USD/FEU,40ft Dry Container,UNCTAD / Shanghai Shipping Exchange,Review of Maritime Transport Container Market Series,https://unctad.org/topic/transport-and-trade-logistics/review-of-maritime-transport,2022-07-08T15:00:00Z,public_statistical_annex_cc_by_3.0_igo,v1.0-unctad-scfi
2022-07-08,route-sha-lax,Shanghai,Los Angeles,SCFI,5954.0,USD,USD/FEU,40ft Dry Container,UNCTAD / Shanghai Shipping Exchange,Review of Maritime Transport Container Market Series,https://unctad.org/topic/transport-and-trade-logistics/review-of-maritime-transport,2022-07-08T15:00:00Z,public_statistical_annex_cc_by_3.0_igo,v1.0-unctad-scfi
2022-07-08,route-rot-nyc,Rotterdam,New York,SCFI,4584.0,USD,USD/FEU,40ft Dry Container,UNCTAD / Shanghai Shipping Exchange,Review of Maritime Transport Container Market Series,https://unctad.org/topic/transport-and-trade-logistics/review-of-maritime-transport,2022-07-08T15:00:00Z,public_statistical_annex_cc_by_3.0_igo,v1.0-unctad-scfi
2022-07-15,route-sha-rot,Shanghai,Rotterdam,SCFI,5766.0,USD,USD/FEU,40ft Dry Container,UNCTAD / Shanghai Shipping Exchange,Review of Maritime Transport Container Market Series,https://unctad.org/topic/transport-and-trade-logistics/review-of-maritime-transport,2022-07-15T15:00:00Z,public_statistical_annex_cc_by_3.0_igo,v1.0-unctad-scfi
2022-07-15,route-sha-lax,Shanghai,Los Angeles,SCFI,5761.0,USD,USD/FEU,40ft Dry Container,UNCTAD / Shanghai Shipping Exchange,Review of Maritime Transport Container Market Series,https://unctad.org/topic/transport-and-trade-logistics/review-of-maritime-transport,2022-07-15T15:00:00Z,public_statistical_annex_cc_by_3.0_igo,v1.0-unctad-scfi
2022-07-15,route-rot-nyc,Rotterdam,New York,SCFI,4558.0,USD,USD/FEU,40ft Dry Container,UNCTAD / Shanghai Shipping Exchange,Review of Maritime Transport Container Market Series,https://unctad.org/topic/transport-and-trade-logistics/review-of-maritime-transport,2022-07-15T15:00:00Z,public_statistical_annex_cc_by_3.0_igo,v1.0-unctad-scfi
2022-07-22,route-sha-rot,Shanghai,Rotterdam,SCFI,5594.0,USD,USD/FEU,40ft Dry Container,UNCTAD / Shanghai Shipping Exchange,Review of Maritime Transport Container Market Series,https://unctad.org/topic/transport-and-trade-logistics/review-of-maritime-transport,2022-07-22T15:00:00Z,public_statistical_annex_cc_by_3.0_igo,v1.0-unctad-scfi
2022-07-22,route-sha-lax,Shanghai,Los Angeles,SCFI,5571.0,USD,USD/FEU,40ft Dry Container,UNCTAD / Shanghai Shipping Exchange,Review of Maritime Transport Container Market Series,https://unctad.org/topic/transport-and-trade-logistics/review-of-maritime-transport,2022-07-22T15:00:00Z,public_statistical_annex_cc_by_3.0_igo,v1.0-unctad-scfi
2022-07-22,route-rot-nyc,Rotterdam,New York,SCFI,4506.0,USD,USD/FEU,40ft Dry Container,UNCTAD / Shanghai Shipping Exchange,Review of Maritime Transport Container Market Series,https://unctad.org/topic/transport-and-trade-logistics/review-of-maritime-transport,2022-07-22T15:00:00Z,public_statistical_annex_cc_by_3.0_igo,v1.0-unctad-scfi
2022-07-29,route-sha-rot,Shanghai,Rotterdam,SCFI,5408.0,USD,USD/FEU,40ft Dry Container,UNCTAD / Shanghai Shipping Exchange,Review of Maritime Transport Container Market Series,https://unctad.org/topic/transport-and-trade-logistics/review-of-maritime-transport,2022-07-29T15:00:00Z,public_statistical_annex_cc_by_3.0_igo,v1.0-unctad-scfi
2022-07-29,route-sha-lax,Shanghai,Los Angeles,SCFI,5393.0,USD,USD/FEU,40ft Dry Container,UNCTAD / Shanghai Shipping Exchange,Review of Maritime Transport Container Market Series,https://unctad.org/topic/transport-and-trade-logistics/review-of-maritime-transport,2022-07-29T15:00:00Z,public_statistical_annex_cc_by_3.0_igo,v1.0-unctad-scfi
2022-07-29,route-rot-nyc,Rotterdam,New York,SCFI,4450.0,USD,USD/FEU,40ft Dry Container,UNCTAD / Shanghai Shipping Exchange,Review of Maritime Transport Container Market Series,https://unctad.org/topic/transport-and-trade-logistics/review-of-maritime-transport,2022-07-29T15:00:00Z,public_statistical_annex_cc_by_3.0_igo,v1.0-unctad-scfi
2022-08-05,route-sha-rot,Shanghai,Rotterdam,SCFI,5215.0,USD,USD/FEU,40ft Dry Container,UNCTAD / Shanghai Shipping Exchange,Review of Maritime Transport Container Market Series,https://unctad.org/topic/transport-and-trade-logistics/review-of-maritime-transport,2022-08-05T15:00:00Z,public_statistical_annex_cc_by_3.0_igo,v1.0-unctad-scfi
2022-08-05,route-sha-lax,Shanghai,Los Angeles,SCFI,5231.0,USD,USD/FEU,40ft Dry Container,UNCTAD / Shanghai Shipping Exchange,Review of Maritime Transport Container Market Series,https://unctad.org/topic/transport-and-trade-logistics/review-of-maritime-transport,2022-08-05T15:00:00Z,public_statistical_annex_cc_by_3.0_igo,v1.0-unctad-scfi
2022-08-05,route-rot-nyc,Rotterdam,New York,SCFI,4389.0,USD,USD/FEU,40ft Dry Container,UNCTAD / Shanghai Shipping Exchange,Review of Maritime Transport Container Market Series,https://unctad.org/topic/transport-and-trade-logistics/review-of-maritime-transport,2022-08-05T15:00:00Z,public_statistical_annex_cc_by_3.0_igo,v1.0-unctad-scfi
2022-08-12,route-sha-rot,Shanghai,Rotterdam,SCFI,5025.0,USD,USD/FEU,40ft Dry Container,UNCTAD / Shanghai Shipping Exchange,Review of Maritime Transport Container Market Series,https://unctad.org/topic/transport-and-trade-logistics/review-of-maritime-transport,2022-08-12T15:00:00Z,public_statistical_annex_cc_by_3.0_igo,v1.0-unctad-scfi
2022-08-12,route-sha-lax,Shanghai,Los Angeles,SCFI,5086.0,USD,USD/FEU,40ft Dry Container,UNCTAD / Shanghai Shipping Exchange,Review of Maritime Transport Container Market Series,https://unctad.org/topic/transport-and-trade-logistics/review-of-maritime-transport,2022-08-12T15:00:00Z,public_statistical_annex_cc_by_3.0_igo,v1.0-unctad-scfi
2022-08-12,route-rot-nyc,Rotterdam,New York,SCFI,4322.0,USD,USD/FEU,40ft Dry Container,UNCTAD / Shanghai Shipping Exchange,Review of Maritime Transport Container Market Series,https://unctad.org/topic/transport-and-trade-logistics/review-of-maritime-transport,2022-08-12T15:00:00Z,public_statistical_annex_cc_by_3.0_igo,v1.0-unctad-scfi
2022-08-19,route-sha-rot,Shanghai,Rotterdam,SCFI,4848.0,USD,USD/FEU,40ft Dry Container,UNCTAD / Shanghai Shipping Exchange,Review of Maritime Transport Container Market Series,https://unctad.org/topic/transport-and-trade-logistics/review-of-maritime-transport,2022-08-19T15:00:00Z,public_statistical_annex_cc_by_3.0_igo,v1.0-unctad-scfi
2022-08-19,route-sha-lax,Shanghai,Los Angeles,SCFI,4955.0,USD,USD/FEU,40ft Dry Container,UNCTAD / Shanghai Shipping Exchange,Review of Maritime Transport Container Market Series,https://unctad.org/topic/transport-and-trade-logistics/review-of-maritime-transport,2022-08-19T15:00:00Z,public_statistical_annex_cc_by_3.0_igo,v1.0-unctad-scfi
2022-08-19,route-rot-nyc,Rotterdam,New York,SCFI,4248.0,USD,USD/FEU,40ft Dry Container,UNCTAD / Shanghai Shipping Exchange,Review of Maritime Transport Container Market Series,https://unctad.org/topic/transport-and-trade-logistics/review-of-maritime-transport,2022-08-19T15:00:00Z,public_statistical_annex_cc_by_3.0_igo,v1.0-unctad-scfi
2022-08-26,route-sha-rot,Shanghai,Rotterdam,SCFI,4688.0,USD,USD/FEU,40ft Dry Container,UNCTAD / Shanghai Shipping Exchange,Review of Maritime Transport Container Market Series,https://unctad.org/topic/transport-and-trade-logistics/review-of-maritime-transport,2022-08-26T15:00:00Z,public_statistical_annex_cc_by_3.0_igo,v1.0-unctad-scfi
2022-08-26,route-sha-lax,Shanghai,Los Angeles,SCFI,4830.0,USD,USD/FEU,40ft Dry Container,UNCTAD / Shanghai Shipping Exchange,Review of Maritime Transport Container Market Series,https://unctad.org/topic/transport-and-trade-logistics/review-of-maritime-transport,2022-08-26T15:00:00Z,public_statistical_annex_cc_by_3.0_igo,v1.0-unctad-scfi
2022-08-26,route-rot-nyc,Rotterdam,New York,SCFI,4170.0,USD,USD/FEU,40ft Dry Container,UNCTAD / Shanghai Shipping Exchange,Review of Maritime Transport Container Market Series,https://unctad.org/topic/transport-and-trade-logistics/review-of-maritime-transport,2022-08-26T15:00:00Z,public_statistical_annex_cc_by_3.0_igo,v1.0-unctad-scfi
2022-09-02,route-sha-rot,Shanghai,Rotterdam,SCFI,4548.0,USD,USD/FEU,40ft Dry Container,UNCTAD / Shanghai Shipping Exchange,Review of Maritime Transport Container Market Series,https://unctad.org/topic/transport-and-trade-logistics/review-of-maritime-transport,2022-09-02T15:00:00Z,public_statistical_annex_cc_by_3.0_igo,v1.0-unctad-scfi
2022-09-02,route-sha-lax,Shanghai,Los Angeles,SCFI,4704.0,USD,USD/FEU,40ft Dry Container,UNCTAD / Shanghai Shipping Exchange,Review of Maritime Transport Container Market Series,https://unctad.org/topic/transport-and-trade-logistics/review-of-maritime-transport,2022-09-02T15:00:00Z,public_statistical_annex_cc_by_3.0_igo,v1.0-unctad-scfi
2022-09-02,route-rot-nyc,Rotterdam,New York,SCFI,4088.0,USD,USD/FEU,40ft Dry Container,UNCTAD / Shanghai Shipping Exchange,Review of Maritime Transport Container Market Series,https://unctad.org/topic/transport-and-trade-logistics/review-of-maritime-transport,2022-09-02T15:00:00Z,public_statistical_annex_cc_by_3.0_igo,v1.0-unctad-scfi
2022-09-09,route-sha-rot,Shanghai,Rotterdam,SCFI,4424.0,USD,USD/FEU,40ft Dry Container,UNCTAD / Shanghai Shipping Exchange,Review of Maritime Transport Container Market Series,https://unctad.org/topic/transport-and-trade-logistics/review-of-maritime-transport,2022-09-09T15:00:00Z,public_statistical_annex_cc_by_3.0_igo,v1.0-unctad-scfi
2022-09-09,route-sha-lax,Shanghai,Los Angeles,SCFI,4568.0,USD,USD/FEU,40ft Dry Container,UNCTAD / Shanghai Shipping Exchange,Review of Maritime Transport Container Market Series,https://unctad.org/topic/transport-and-trade-logistics/review-of-maritime-transport,2022-09-09T15:00:00Z,public_statistical_annex_cc_by_3.0_igo,v1.0-unctad-scfi
2022-09-09,route-rot-nyc,Rotterdam,New York,SCFI,4005.0,USD,USD/FEU,40ft Dry Container,UNCTAD / Shanghai Shipping Exchange,Review of Maritime Transport Container Market Series,https://unctad.org/topic/transport-and-trade-logistics/review-of-maritime-transport,2022-09-09T15:00:00Z,public_statistical_annex_cc_by_3.0_igo,v1.0-unctad-scfi
2022-09-16,route-sha-rot,Shanghai,Rotterdam,SCFI,4309.0,USD,USD/FEU,40ft Dry Container,UNCTAD / Shanghai Shipping Exchange,Review of Maritime Transport Container Market Series,https://unctad.org/topic/transport-and-trade-logistics/review-of-maritime-transport,2022-09-16T15:00:00Z,public_statistical_annex_cc_by_3.0_igo,v1.0-unctad-scfi
2022-09-16,route-sha-lax,Shanghai,Los Angeles,SCFI,4417.0,USD,USD/FEU,40ft Dry Container,UNCTAD / Shanghai Shipping Exchange,Review of Maritime Transport Container Market Series,https://unctad.org/topic/transport-and-trade-logistics/review-of-maritime-transport,2022-09-16T15:00:00Z,public_statistical_annex_cc_by_3.0_igo,v1.0-unctad-scfi
2022-09-16,route-rot-nyc,Rotterdam,New York,SCFI,3923.0,USD,USD/FEU,40ft Dry Container,UNCTAD / Shanghai Shipping Exchange,Review of Maritime Transport Container Market Series,https://unctad.org/topic/transport-and-trade-logistics/review-of-maritime-transport,2022-09-16T15:00:00Z,public_statistical_annex_cc_by_3.0_igo,v1.0-unctad-scfi
2022-09-23,route-sha-rot,Shanghai,Rotterdam,SCFI,4194.0,USD,USD/FEU,40ft Dry Container,UNCTAD / Shanghai Shipping Exchange,Review of Maritime Transport Container Market Series,https://unctad.org/topic/transport-and-trade-logistics/review-of-maritime-transport,2022-09-23T15:00:00Z,public_statistical_annex_cc_by_3.0_igo,v1.0-unctad-scfi
2022-09-23,route-sha-lax,Shanghai,Los Angeles,SCFI,4249.0,USD,USD/FEU,40ft Dry Container,UNCTAD / Shanghai Shipping Exchange,Review of Maritime Transport Container Market Series,https://unctad.org/topic/transport-and-trade-logistics/review-of-maritime-transport,2022-09-23T15:00:00Z,public_statistical_annex_cc_by_3.0_igo,v1.0-unctad-scfi
2022-09-23,route-rot-nyc,Rotterdam,New York,SCFI,3846.0,USD,USD/FEU,40ft Dry Container,UNCTAD / Shanghai Shipping Exchange,Review of Maritime Transport Container Market Series,https://unctad.org/topic/transport-and-trade-logistics/review-of-maritime-transport,2022-09-23T15:00:00Z,public_statistical_annex_cc_by_3.0_igo,v1.0-unctad-scfi
2022-09-30,route-sha-rot,Shanghai,Rotterdam,SCFI,4069.0,USD,USD/FEU,40ft Dry Container,UNCTAD / Shanghai Shipping Exchange,Review of Maritime Transport Container Market Series,https://unctad.org/topic/transport-and-trade-logistics/review-of-maritime-transport,2022-09-30T15:00:00Z,public_statistical_annex_cc_by_3.0_igo,v1.0-unctad-scfi
2022-09-30,route-sha-lax,Shanghai,Los Angeles,SCFI,4067.0,USD,USD/FEU,40ft Dry Container,UNCTAD / Shanghai Shipping Exchange,Review of Maritime Transport Container Market Series,https://unctad.org/topic/transport-and-trade-logistics/review-of-maritime-transport,2022-09-30T15:00:00Z,public_statistical_annex_cc_by_3.0_igo,v1.0-unctad-scfi
2022-09-30,route-rot-nyc,Rotterdam,New York,SCFI,3773.0,USD,USD/FEU,40ft Dry Container,UNCTAD / Shanghai Shipping Exchange,Review of Maritime Transport Container Market Series,https://unctad.org/topic/transport-and-trade-logistics/review-of-maritime-transport,2022-09-30T15:00:00Z,public_statistical_annex_cc_by_3.0_igo,v1.0-unctad-scfi
2022-10-07,route-sha-rot,Shanghai,Rotterdam,SCFI,3928.0,USD,USD/FEU,40ft Dry Container,UNCTAD / Shanghai Shipping Exchange,Review of Maritime Transport Container Market Series,https://unctad.org/topic/transport-and-trade-logistics/review-of-maritime-transport,2022-10-07T15:00:00Z,public_statistical_annex_cc_by_3.0_igo,v1.0-unctad-scfi
2022-10-07,route-sha-lax,Shanghai,Los Angeles,SCFI,3875.0,USD,USD/FEU,40ft Dry Container,UNCTAD / Shanghai Shipping Exchange,Review of Maritime Transport Container Market Series,https://unctad.org/topic/transport-and-trade-logistics/review-of-maritime-transport,2022-10-07T15:00:00Z,public_statistical_annex_cc_by_3.0_igo,v1.0-unctad-scfi
2022-10-07,route-rot-nyc,Rotterdam,New York,SCFI,3707.0,USD,USD/FEU,40ft Dry Container,UNCTAD / Shanghai Shipping Exchange,Review of Maritime Transport Container Market Series,https://unctad.org/topic/transport-and-trade-logistics/review-of-maritime-transport,2022-10-07T15:00:00Z,public_statistical_annex_cc_by_3.0_igo,v1.0-unctad-scfi
2022-10-14,route-sha-rot,Shanghai,Rotterdam,SCFI,3767.0,USD,USD/FEU,40ft Dry Container,UNCTAD / Shanghai Shipping Exchange,Review of Maritime Transport Container Market Series,https://unctad.org/topic/transport-and-trade-logistics/review-of-maritime-transport,2022-10-14T15:00:00Z,public_statistical_annex_cc_by_3.0_igo,v1.0-unctad-scfi
2022-10-14,route-sha-lax,Shanghai,Los Angeles,SCFI,3682.0,USD,USD/FEU,40ft Dry Container,UNCTAD / Shanghai Shipping Exchange,Review of Maritime Transport Container Market Series,https://unctad.org/topic/transport-and-trade-logistics/review-of-maritime-transport,2022-10-14T15:00:00Z,public_statistical_annex_cc_by_3.0_igo,v1.0-unctad-scfi
2022-10-14,route-rot-nyc,Rotterdam,New York,SCFI,3648.0,USD,USD/FEU,40ft Dry Container,UNCTAD / Shanghai Shipping Exchange,Review of Maritime Transport Container Market Series,https://unctad.org/topic/transport-and-trade-logistics/review-of-maritime-transport,2022-10-14T15:00:00Z,public_statistical_annex_cc_by_3.0_igo,v1.0-unctad-scfi
2022-10-21,route-sha-rot,Shanghai,Rotterdam,SCFI,3588.0,USD,USD/FEU,40ft Dry Container,UNCTAD / Shanghai Shipping Exchange,Review of Maritime Transport Container Market Series,https://unctad.org/topic/transport-and-trade-logistics/review-of-maritime-transport,2022-10-21T15:00:00Z,public_statistical_annex_cc_by_3.0_igo,v1.0-unctad-scfi
2022-10-21,route-sha-lax,Shanghai,Los Angeles,SCFI,3497.0,USD,USD/FEU,40ft Dry Container,UNCTAD / Shanghai Shipping Exchange,Review of Maritime Transport Container Market Series,https://unctad.org/topic/transport-and-trade-logistics/review-of-maritime-transport,2022-10-21T15:00:00Z,public_statistical_annex_cc_by_3.0_igo,v1.0-unctad-scfi
2022-10-21,route-rot-nyc,Rotterdam,New York,SCFI,3593.0,USD,USD/FEU,40ft Dry Container,UNCTAD / Shanghai Shipping Exchange,Review of Maritime Transport Container Market Series,https://unctad.org/topic/transport-and-trade-logistics/review-of-maritime-transport,2022-10-21T15:00:00Z,public_statistical_annex_cc_by_3.0_igo,v1.0-unctad-scfi
2022-10-28,route-sha-rot,Shanghai,Rotterdam,SCFI,3398.0,USD,USD/FEU,40ft Dry Container,UNCTAD / Shanghai Shipping Exchange,Review of Maritime Transport Container Market Series,https://unctad.org/topic/transport-and-trade-logistics/review-of-maritime-transport,2022-10-28T15:00:00Z,public_statistical_annex_cc_by_3.0_igo,v1.0-unctad-scfi
2022-10-28,route-sha-lax,Shanghai,Los Angeles,SCFI,3325.0,USD,USD/FEU,40ft Dry Container,UNCTAD / Shanghai Shipping Exchange,Review of Maritime Transport Container Market Series,https://unctad.org/topic/transport-and-trade-logistics/review-of-maritime-transport,2022-10-28T15:00:00Z,public_statistical_annex_cc_by_3.0_igo,v1.0-unctad-scfi
2022-10-28,route-rot-nyc,Rotterdam,New York,SCFI,3541.0,USD,USD/FEU,40ft Dry Container,UNCTAD / Shanghai Shipping Exchange,Review of Maritime Transport Container Market Series,https://unctad.org/topic/transport-and-trade-logistics/review-of-maritime-transport,2022-10-28T15:00:00Z,public_statistical_annex_cc_by_3.0_igo,v1.0-unctad-scfi
2022-11-04,route-sha-rot,Shanghai,Rotterdam,SCFI,3205.0,USD,USD/FEU,40ft Dry Container,UNCTAD / Shanghai Shipping Exchange,Review of Maritime Transport Container Market Series,https://unctad.org/topic/transport-and-trade-logistics/review-of-maritime-transport,2022-11-04T15:00:00Z,public_statistical_annex_cc_by_3.0_igo,v1.0-unctad-scfi
2022-11-04,route-sha-lax,Shanghai,Los Angeles,SCFI,3171.0,USD,USD/FEU,40ft Dry Container,UNCTAD / Shanghai Shipping Exchange,Review of Maritime Transport Container Market Series,https://unctad.org/topic/transport-and-trade-logistics/review-of-maritime-transport,2022-11-04T15:00:00Z,public_statistical_annex_cc_by_3.0_igo,v1.0-unctad-scfi
2022-11-04,route-rot-nyc,Rotterdam,New York,SCFI,3490.0,USD,USD/FEU,40ft Dry Container,UNCTAD / Shanghai Shipping Exchange,Review of Maritime Transport Container Market Series,https://unctad.org/topic/transport-and-trade-logistics/review-of-maritime-transport,2022-11-04T15:00:00Z,public_statistical_annex_cc_by_3.0_igo,v1.0-unctad-scfi
2022-11-11,route-sha-rot,Shanghai,Rotterdam,SCFI,3020.0,USD,USD/FEU,40ft Dry Container,UNCTAD / Shanghai Shipping Exchange,Review of Maritime Transport Container Market Series,https://unctad.org/topic/transport-and-trade-logistics/review-of-maritime-transport,2022-11-11T15:00:00Z,public_statistical_annex_cc_by_3.0_igo,v1.0-unctad-scfi
2022-11-11,route-sha-lax,Shanghai,Los Angeles,SCFI,3032.0,USD,USD/FEU,40ft Dry Container,UNCTAD / Shanghai Shipping Exchange,Review of Maritime Transport Container Market Series,https://unctad.org/topic/transport-and-trade-logistics/review-of-maritime-transport,2022-11-11T15:00:00Z,public_statistical_annex_cc_by_3.0_igo,v1.0-unctad-scfi
2022-11-11,route-rot-nyc,Rotterdam,New York,SCFI,3436.0,USD,USD/FEU,40ft Dry Container,UNCTAD / Shanghai Shipping Exchange,Review of Maritime Transport Container Market Series,https://unctad.org/topic/transport-and-trade-logistics/review-of-maritime-transport,2022-11-11T15:00:00Z,public_statistical_annex_cc_by_3.0_igo,v1.0-unctad-scfi
2022-11-18,route-sha-rot,Shanghai,Rotterdam,SCFI,2850.0,USD,USD/FEU,40ft Dry Container,UNCTAD / Shanghai Shipping Exchange,Review of Maritime Transport Container Market Series,https://unctad.org/topic/transport-and-trade-logistics/review-of-maritime-transport,2022-11-18T15:00:00Z,public_statistical_annex_cc_by_3.0_igo,v1.0-unctad-scfi
2022-11-18,route-sha-lax,Shanghai,Los Angeles,SCFI,2905.0,USD,USD/FEU,40ft Dry Container,UNCTAD / Shanghai Shipping Exchange,Review of Maritime Transport Container Market Series,https://unctad.org/topic/transport-and-trade-logistics/review-of-maritime-transport,2022-11-18T15:00:00Z,public_statistical_annex_cc_by_3.0_igo,v1.0-unctad-scfi
2022-11-18,route-rot-nyc,Rotterdam,New York,SCFI,3379.0,USD,USD/FEU,40ft Dry Container,UNCTAD / Shanghai Shipping Exchange,Review of Maritime Transport Container Market Series,https://unctad.org/topic/transport-and-trade-logistics/review-of-maritime-transport,2022-11-18T15:00:00Z,public_statistical_annex_cc_by_3.0_igo,v1.0-unctad-scfi
2022-11-25,route-sha-rot,Shanghai,Rotterdam,SCFI,2698.0,USD,USD/FEU,40ft Dry Container,UNCTAD / Shanghai Shipping Exchange,Review of Maritime Transport Container Market Series,https://unctad.org/topic/transport-and-trade-logistics/review-of-maritime-transport,2022-11-25T15:00:00Z,public_statistical_annex_cc_by_3.0_igo,v1.0-unctad-scfi
2022-11-25,route-sha-lax,Shanghai,Los Angeles,SCFI,2781.0,USD,USD/FEU,40ft Dry Container,UNCTAD / Shanghai Shipping Exchange,Review of Maritime Transport Container Market Series,https://unctad.org/topic/transport-and-trade-logistics/review-of-maritime-transport,2022-11-25T15:00:00Z,public_statistical_annex_cc_by_3.0_igo,v1.0-unctad-scfi
2022-11-25,route-rot-nyc,Rotterdam,New York,SCFI,3316.0,USD,USD/FEU,40ft Dry Container,UNCTAD / Shanghai Shipping Exchange,Review of Maritime Transport Container Market Series,https://unctad.org/topic/transport-and-trade-logistics/review-of-maritime-transport,2022-11-25T15:00:00Z,public_statistical_annex_cc_by_3.0_igo,v1.0-unctad-scfi
2022-12-02,route-sha-rot,Shanghai,Rotterdam,SCFI,2566.0,USD,USD/FEU,40ft Dry Container,UNCTAD / Shanghai Shipping Exchange,Review of Maritime Transport Container Market Series,https://unctad.org/topic/transport-and-trade-logistics/review-of-maritime-transport,2022-12-02T15:00:00Z,public_statistical_annex_cc_by_3.0_igo,v1.0-unctad-scfi
2022-12-02,route-sha-lax,Shanghai,Los Angeles,SCFI,2651.0,USD,USD/FEU,40ft Dry Container,UNCTAD / Shanghai Shipping Exchange,Review of Maritime Transport Container Market Series,https://unctad.org/topic/transport-and-trade-logistics/review-of-maritime-transport,2022-12-02T15:00:00Z,public_statistical_annex_cc_by_3.0_igo,v1.0-unctad-scfi
2022-12-02,route-rot-nyc,Rotterdam,New York,SCFI,3247.0,USD,USD/FEU,40ft Dry Container,UNCTAD / Shanghai Shipping Exchange,Review of Maritime Transport Container Market Series,https://unctad.org/topic/transport-and-trade-logistics/review-of-maritime-transport,2022-12-02T15:00:00Z,public_statistical_annex_cc_by_3.0_igo,v1.0-unctad-scfi
2022-12-09,route-sha-rot,Shanghai,Rotterdam,SCFI,2447.0,USD,USD/FEU,40ft Dry Container,UNCTAD / Shanghai Shipping Exchange,Review of Maritime Transport Container Market Series,https://unctad.org/topic/transport-and-trade-logistics/review-of-maritime-transport,2022-12-09T15:00:00Z,public_statistical_annex_cc_by_3.0_igo,v1.0-unctad-scfi
2022-12-09,route-sha-lax,Shanghai,Los Angeles,SCFI,2509.0,USD,USD/FEU,40ft Dry Container,UNCTAD / Shanghai Shipping Exchange,Review of Maritime Transport Container Market Series,https://unctad.org/topic/transport-and-trade-logistics/review-of-maritime-transport,2022-12-09T15:00:00Z,public_statistical_annex_cc_by_3.0_igo,v1.0-unctad-scfi
2022-12-09,route-rot-nyc,Rotterdam,New York,SCFI,3172.0,USD,USD/FEU,40ft Dry Container,UNCTAD / Shanghai Shipping Exchange,Review of Maritime Transport Container Market Series,https://unctad.org/topic/transport-and-trade-logistics/review-of-maritime-transport,2022-12-09T15:00:00Z,public_statistical_annex_cc_by_3.0_igo,v1.0-unctad-scfi
2022-12-16,route-sha-rot,Shanghai,Rotterdam,SCFI,2333.0,USD,USD/FEU,40ft Dry Container,UNCTAD / Shanghai Shipping Exchange,Review of Maritime Transport Container Market Series,https://unctad.org/topic/transport-and-trade-logistics/review-of-maritime-transport,2022-12-16T15:00:00Z,public_statistical_annex_cc_by_3.0_igo,v1.0-unctad-scfi
2022-12-16,route-sha-lax,Shanghai,Los Angeles,SCFI,2351.0,USD,USD/FEU,40ft Dry Container,UNCTAD / Shanghai Shipping Exchange,Review of Maritime Transport Container Market Series,https://unctad.org/topic/transport-and-trade-logistics/review-of-maritime-transport,2022-12-16T15:00:00Z,public_statistical_annex_cc_by_3.0_igo,v1.0-unctad-scfi
2022-12-16,route-rot-nyc,Rotterdam,New York,SCFI,3092.0,USD,USD/FEU,40ft Dry Container,UNCTAD / Shanghai Shipping Exchange,Review of Maritime Transport Container Market Series,https://unctad.org/topic/transport-and-trade-logistics/review-of-maritime-transport,2022-12-16T15:00:00Z,public_statistical_annex_cc_by_3.0_igo,v1.0-unctad-scfi
2022-12-23,route-sha-rot,Shanghai,Rotterdam,SCFI,2215.0,USD,USD/FEU,40ft Dry Container,UNCTAD / Shanghai Shipping Exchange,Review of Maritime Transport Container Market Series,https://unctad.org/topic/transport-and-trade-logistics/review-of-maritime-transport,2022-12-23T15:00:00Z,public_statistical_annex_cc_by_3.0_igo,v1.0-unctad-scfi
2022-12-23,route-sha-lax,Shanghai,Los Angeles,SCFI,2176.0,USD,USD/FEU,40ft Dry Container,UNCTAD / Shanghai Shipping Exchange,Review of Maritime Transport Container Market Series,https://unctad.org/topic/transport-and-trade-logistics/review-of-maritime-transport,2022-12-23T15:00:00Z,public_statistical_annex_cc_by_3.0_igo,v1.0-unctad-scfi
2022-12-23,route-rot-nyc,Rotterdam,New York,SCFI,3010.0,USD,USD/FEU,40ft Dry Container,UNCTAD / Shanghai Shipping Exchange,Review of Maritime Transport Container Market Series,https://unctad.org/topic/transport-and-trade-logistics/review-of-maritime-transport,2022-12-23T15:00:00Z,public_statistical_annex_cc_by_3.0_igo,v1.0-unctad-scfi
2022-12-30,route-sha-rot,Shanghai,Rotterdam,SCFI,2084.0,USD,USD/FEU,40ft Dry Container,UNCTAD / Shanghai Shipping Exchange,Review of Maritime Transport Container Market Series,https://unctad.org/topic/transport-and-trade-logistics/review-of-maritime-transport,2022-12-30T15:00:00Z,public_statistical_annex_cc_by_3.0_igo,v1.0-unctad-scfi
2022-12-30,route-sha-lax,Shanghai,Los Angeles,SCFI,1989.0,USD,USD/FEU,40ft Dry Container,UNCTAD / Shanghai Shipping Exchange,Review of Maritime Transport Container Market Series,https://unctad.org/topic/transport-and-trade-logistics/review-of-maritime-transport,2022-12-30T15:00:00Z,public_statistical_annex_cc_by_3.0_igo,v1.0-unctad-scfi
2022-12-30,route-rot-nyc,Rotterdam,New York,SCFI,2927.0,USD,USD/FEU,40ft Dry Container,UNCTAD / Shanghai Shipping Exchange,Review of Maritime Transport Container Market Series,https://unctad.org/topic/transport-and-trade-logistics/review-of-maritime-transport,2022-12-30T15:00:00Z,public_statistical_annex_cc_by_3.0_igo,v1.0-unctad-scfi
2023-01-06,route-sha-rot,Shanghai,Rotterdam,SCFI,1934.0,USD,USD/FEU,40ft Dry Container,UNCTAD / Shanghai Shipping Exchange,Review of Maritime Transport Container Market Series,https://unctad.org/topic/transport-and-trade-logistics/review-of-maritime-transport,2023-01-06T15:00:00Z,public_statistical_annex_cc_by_3.0_igo,v1.0-unctad-scfi
2023-01-06,route-sha-lax,Shanghai,Los Angeles,SCFI,1795.0,USD,USD/FEU,40ft Dry Container,UNCTAD / Shanghai Shipping Exchange,Review of Maritime Transport Container Market Series,https://unctad.org/topic/transport-and-trade-logistics/review-of-maritime-transport,2023-01-06T15:00:00Z,public_statistical_annex_cc_by_3.0_igo,v1.0-unctad-scfi
2023-01-06,route-rot-nyc,Rotterdam,New York,SCFI,2846.0,USD,USD/FEU,40ft Dry Container,UNCTAD / Shanghai Shipping Exchange,Review of Maritime Transport Container Market Series,https://unctad.org/topic/transport-and-trade-logistics/review-of-maritime-transport,2023-01-06T15:00:00Z,public_statistical_annex_cc_by_3.0_igo,v1.0-unctad-scfi
2023-01-13,route-sha-rot,Shanghai,Rotterdam,SCFI,1298.0,USD,USD/FEU,40ft Dry Container,UNCTAD / Shanghai Shipping Exchange,Review of Maritime Transport Container Market Series,https://unctad.org/topic/transport-and-trade-logistics/review-of-maritime-transport,2023-01-13T15:00:00Z,public_statistical_annex_cc_by_3.0_igo,v1.0-unctad-scfi
2023-01-13,route-sha-lax,Shanghai,Los Angeles,SCFI,1535.0,USD,USD/FEU,40ft Dry Container,UNCTAD / Shanghai Shipping Exchange,Review of Maritime Transport Container Market Series,https://unctad.org/topic/transport-and-trade-logistics/review-of-maritime-transport,2023-01-13T15:00:00Z,public_statistical_annex_cc_by_3.0_igo,v1.0-unctad-scfi
2023-01-13,route-rot-nyc,Rotterdam,New York,SCFI,2770.0,USD,USD/FEU,40ft Dry Container,UNCTAD / Shanghai Shipping Exchange,Review of Maritime Transport Container Market Series,https://unctad.org/topic/transport-and-trade-logistics/review-of-maritime-transport,2023-01-13T15:00:00Z,public_statistical_annex_cc_by_3.0_igo,v1.0-unctad-scfi
2023-01-20,route-sha-rot,Shanghai,Rotterdam,SCFI,1299.0,USD,USD/FEU,40ft Dry Container,UNCTAD / Shanghai Shipping Exchange,Review of Maritime Transport Container Market Series,https://unctad.org/topic/transport-and-trade-logistics/review-of-maritime-transport,2023-01-20T15:00:00Z,public_statistical_annex_cc_by_3.0_igo,v1.0-unctad-scfi
2023-01-20,route-sha-lax,Shanghai,Los Angeles,SCFI,1562.0,USD,USD/FEU,40ft Dry Container,UNCTAD / Shanghai Shipping Exchange,Review of Maritime Transport Container Market Series,https://unctad.org/topic/transport-and-trade-logistics/review-of-maritime-transport,2023-01-20T15:00:00Z,public_statistical_annex_cc_by_3.0_igo,v1.0-unctad-scfi
2023-01-20,route-rot-nyc,Rotterdam,New York,SCFI,2700.0,USD,USD/FEU,40ft Dry Container,UNCTAD / Shanghai Shipping Exchange,Review of Maritime Transport Container Market Series,https://unctad.org/topic/transport-and-trade-logistics/review-of-maritime-transport,2023-01-20T15:00:00Z,public_statistical_annex_cc_by_3.0_igo,v1.0-unctad-scfi
2023-01-27,route-sha-rot,Shanghai,Rotterdam,SCFI,1309.0,USD,USD/FEU,40ft Dry Container,UNCTAD / Shanghai Shipping Exchange,Review of Maritime Transport Container Market Series,https://unctad.org/topic/transport-and-trade-logistics/review-of-maritime-transport,2023-01-27T15:00:00Z,public_statistical_annex_cc_by_3.0_igo,v1.0-unctad-scfi
2023-01-27,route-sha-lax,Shanghai,Los Angeles,SCFI,1589.0,USD,USD/FEU,40ft Dry Container,UNCTAD / Shanghai Shipping Exchange,Review of Maritime Transport Container Market Series,https://unctad.org/topic/transport-and-trade-logistics/review-of-maritime-transport,2023-01-27T15:00:00Z,public_statistical_annex_cc_by_3.0_igo,v1.0-unctad-scfi
2023-01-27,route-rot-nyc,Rotterdam,New York,SCFI,2636.0,USD,USD/FEU,40ft Dry Container,UNCTAD / Shanghai Shipping Exchange,Review of Maritime Transport Container Market Series,https://unctad.org/topic/transport-and-trade-logistics/review-of-maritime-transport,2023-01-27T15:00:00Z,public_statistical_annex_cc_by_3.0_igo,v1.0-unctad-scfi
2023-02-03,route-sha-rot,Shanghai,Rotterdam,SCFI,1327.0,USD,USD/FEU,40ft Dry Container,UNCTAD / Shanghai Shipping Exchange,Review of Maritime Transport Container Market Series,https://unctad.org/topic/transport-and-trade-logistics/review-of-maritime-transport,2023-02-03T15:00:00Z,public_statistical_annex_cc_by_3.0_igo,v1.0-unctad-scfi
2023-02-03,route-sha-lax,Shanghai,Los Angeles,SCFI,1613.0,USD,USD/FEU,40ft Dry Container,UNCTAD / Shanghai Shipping Exchange,Review of Maritime Transport Container Market Series,https://unctad.org/topic/transport-and-trade-logistics/review-of-maritime-transport,2023-02-03T15:00:00Z,public_statistical_annex_cc_by_3.0_igo,v1.0-unctad-scfi
2023-02-03,route-rot-nyc,Rotterdam,New York,SCFI,2577.0,USD,USD/FEU,40ft Dry Container,UNCTAD / Shanghai Shipping Exchange,Review of Maritime Transport Container Market Series,https://unctad.org/topic/transport-and-trade-logistics/review-of-maritime-transport,2023-02-03T15:00:00Z,public_statistical_annex_cc_by_3.0_igo,v1.0-unctad-scfi
2023-02-10,route-sha-rot,Shanghai,Rotterdam,SCFI,1352.0,USD,USD/FEU,40ft Dry Container,UNCTAD / Shanghai Shipping Exchange,Review of Maritime Transport Container Market Series,https://unctad.org/topic/transport-and-trade-logistics/review-of-maritime-transport,2023-02-10T15:00:00Z,public_statistical_annex_cc_by_3.0_igo,v1.0-unctad-scfi
2023-02-10,route-sha-lax,Shanghai,Los Angeles,SCFI,1631.0,USD,USD/FEU,40ft Dry Container,UNCTAD / Shanghai Shipping Exchange,Review of Maritime Transport Container Market Series,https://unctad.org/topic/transport-and-trade-logistics/review-of-maritime-transport,2023-02-10T15:00:00Z,public_statistical_annex_cc_by_3.0_igo,v1.0-unctad-scfi
2023-02-10,route-rot-nyc,Rotterdam,New York,SCFI,2524.0,USD,USD/FEU,40ft Dry Container,UNCTAD / Shanghai Shipping Exchange,Review of Maritime Transport Container Market Series,https://unctad.org/topic/transport-and-trade-logistics/review-of-maritime-transport,2023-02-10T15:00:00Z,public_statistical_annex_cc_by_3.0_igo,v1.0-unctad-scfi
2023-02-17,route-sha-rot,Shanghai,Rotterdam,SCFI,1381.0,USD,USD/FEU,40ft Dry Container,UNCTAD / Shanghai Shipping Exchange,Review of Maritime Transport Container Market Series,https://unctad.org/topic/transport-and-trade-logistics/review-of-maritime-transport,2023-02-17T15:00:00Z,public_statistical_annex_cc_by_3.0_igo,v1.0-unctad-scfi
2023-02-17,route-sha-lax,Shanghai,Los Angeles,SCFI,1642.0,USD,USD/FEU,40ft Dry Container,UNCTAD / Shanghai Shipping Exchange,Review of Maritime Transport Container Market Series,https://unctad.org/topic/transport-and-trade-logistics/review-of-maritime-transport,2023-02-17T15:00:00Z,public_statistical_annex_cc_by_3.0_igo,v1.0-unctad-scfi
2023-02-17,route-rot-nyc,Rotterdam,New York,SCFI,2472.0,USD,USD/FEU,40ft Dry Container,UNCTAD / Shanghai Shipping Exchange,Review of Maritime Transport Container Market Series,https://unctad.org/topic/transport-and-trade-logistics/review-of-maritime-transport,2023-02-17T15:00:00Z,public_statistical_annex_cc_by_3.0_igo,v1.0-unctad-scfi
2023-02-24,route-sha-rot,Shanghai,Rotterdam,SCFI,1410.0,USD,USD/FEU,40ft Dry Container,UNCTAD / Shanghai Shipping Exchange,Review of Maritime Transport Container Market Series,https://unctad.org/topic/transport-and-trade-logistics/review-of-maritime-transport,2023-02-24T15:00:00Z,public_statistical_annex_cc_by_3.0_igo,v1.0-unctad-scfi
2023-02-24,route-sha-lax,Shanghai,Los Angeles,SCFI,1645.0,USD,USD/FEU,40ft Dry Container,UNCTAD / Shanghai Shipping Exchange,Review of Maritime Transport Container Market Series,https://unctad.org/topic/transport-and-trade-logistics/review-of-maritime-transport,2023-02-24T15:00:00Z,public_statistical_annex_cc_by_3.0_igo,v1.0-unctad-scfi
2023-02-24,route-rot-nyc,Rotterdam,New York,SCFI,2421.0,USD,USD/FEU,40ft Dry Container,UNCTAD / Shanghai Shipping Exchange,Review of Maritime Transport Container Market Series,https://unctad.org/topic/transport-and-trade-logistics/review-of-maritime-transport,2023-02-24T15:00:00Z,public_statistical_annex_cc_by_3.0_igo,v1.0-unctad-scfi
2023-03-03,route-sha-rot,Shanghai,Rotterdam,SCFI,1434.0,USD,USD/FEU,40ft Dry Container,UNCTAD / Shanghai Shipping Exchange,Review of Maritime Transport Container Market Series,https://unctad.org/topic/transport-and-trade-logistics/review-of-maritime-transport,2023-03-03T15:00:00Z,public_statistical_annex_cc_by_3.0_igo,v1.0-unctad-scfi
2023-03-03,route-sha-lax,Shanghai,Los Angeles,SCFI,1641.0,USD,USD/FEU,40ft Dry Container,UNCTAD / Shanghai Shipping Exchange,Review of Maritime Transport Container Market Series,https://unctad.org/topic/transport-and-trade-logistics/review-of-maritime-transport,2023-03-03T15:00:00Z,public_statistical_annex_cc_by_3.0_igo,v1.0-unctad-scfi
2023-03-03,route-rot-nyc,Rotterdam,New York,SCFI,2367.0,USD,USD/FEU,40ft Dry Container,UNCTAD / Shanghai Shipping Exchange,Review of Maritime Transport Container Market Series,https://unctad.org/topic/transport-and-trade-logistics/review-of-maritime-transport,2023-03-03T15:00:00Z,public_statistical_annex_cc_by_3.0_igo,v1.0-unctad-scfi
2023-03-10,route-sha-rot,Shanghai,Rotterdam,SCFI,1452.0,USD,USD/FEU,40ft Dry Container,UNCTAD / Shanghai Shipping Exchange,Review of Maritime Transport Container Market Series,https://unctad.org/topic/transport-and-trade-logistics/review-of-maritime-transport,2023-03-10T15:00:00Z,public_statistical_annex_cc_by_3.0_igo,v1.0-unctad-scfi
2023-03-10,route-sha-lax,Shanghai,Los Angeles,SCFI,1632.0,USD,USD/FEU,40ft Dry Container,UNCTAD / Shanghai Shipping Exchange,Review of Maritime Transport Container Market Series,https://unctad.org/topic/transport-and-trade-logistics/review-of-maritime-transport,2023-03-10T15:00:00Z,public_statistical_annex_cc_by_3.0_igo,v1.0-unctad-scfi
2023-03-10,route-rot-nyc,Rotterdam,New York,SCFI,2308.0,USD,USD/FEU,40ft Dry Container,UNCTAD / Shanghai Shipping Exchange,Review of Maritime Transport Container Market Series,https://unctad.org/topic/transport-and-trade-logistics/review-of-maritime-transport,2023-03-10T15:00:00Z,public_statistical_annex_cc_by_3.0_igo,v1.0-unctad-scfi
2023-03-17,route-sha-rot,Shanghai,Rotterdam,SCFI,1461.0,USD,USD/FEU,40ft Dry Container,UNCTAD / Shanghai Shipping Exchange,Review of Maritime Transport Container Market Series,https://unctad.org/topic/transport-and-trade-logistics/review-of-maritime-transport,2023-03-17T15:00:00Z,public_statistical_annex_cc_by_3.0_igo,v1.0-unctad-scfi
2023-03-17,route-sha-lax,Shanghai,Los Angeles,SCFI,1620.0,USD,USD/FEU,40ft Dry Container,UNCTAD / Shanghai Shipping Exchange,Review of Maritime Transport Container Market Series,https://unctad.org/topic/transport-and-trade-logistics/review-of-maritime-transport,2023-03-17T15:00:00Z,public_statistical_annex_cc_by_3.0_igo,v1.0-unctad-scfi
2023-03-17,route-rot-nyc,Rotterdam,New York,SCFI,2243.0,USD,USD/FEU,40ft Dry Container,UNCTAD / Shanghai Shipping Exchange,Review of Maritime Transport Container Market Series,https://unctad.org/topic/transport-and-trade-logistics/review-of-maritime-transport,2023-03-17T15:00:00Z,public_statistical_annex_cc_by_3.0_igo,v1.0-unctad-scfi
2023-03-24,route-sha-rot,Shanghai,Rotterdam,SCFI,1461.0,USD,USD/FEU,40ft Dry Container,UNCTAD / Shanghai Shipping Exchange,Review of Maritime Transport Container Market Series,https://unctad.org/topic/transport-and-trade-logistics/review-of-maritime-transport,2023-03-24T15:00:00Z,public_statistical_annex_cc_by_3.0_igo,v1.0-unctad-scfi
2023-03-24,route-sha-lax,Shanghai,Los Angeles,SCFI,1608.0,USD,USD/FEU,40ft Dry Container,UNCTAD / Shanghai Shipping Exchange,Review of Maritime Transport Container Market Series,https://unctad.org/topic/transport-and-trade-logistics/review-of-maritime-transport,2023-03-24T15:00:00Z,public_statistical_annex_cc_by_3.0_igo,v1.0-unctad-scfi
2023-03-24,route-rot-nyc,Rotterdam,New York,SCFI,2172.0,USD,USD/FEU,40ft Dry Container,UNCTAD / Shanghai Shipping Exchange,Review of Maritime Transport Container Market Series,https://unctad.org/topic/transport-and-trade-logistics/review-of-maritime-transport,2023-03-24T15:00:00Z,public_statistical_annex_cc_by_3.0_igo,v1.0-unctad-scfi
2023-03-31,route-sha-rot,Shanghai,Rotterdam,SCFI,1452.0,USD,USD/FEU,40ft Dry Container,UNCTAD / Shanghai Shipping Exchange,Review of Maritime Transport Container Market Series,https://unctad.org/topic/transport-and-trade-logistics/review-of-maritime-transport,2023-03-31T15:00:00Z,public_statistical_annex_cc_by_3.0_igo,v1.0-unctad-scfi
2023-03-31,route-sha-lax,Shanghai,Los Angeles,SCFI,1599.0,USD,USD/FEU,40ft Dry Container,UNCTAD / Shanghai Shipping Exchange,Review of Maritime Transport Container Market Series,https://unctad.org/topic/transport-and-trade-logistics/review-of-maritime-transport,2023-03-31T15:00:00Z,public_statistical_annex_cc_by_3.0_igo,v1.0-unctad-scfi
2023-03-31,route-rot-nyc,Rotterdam,New York,SCFI,2096.0,USD,USD/FEU,40ft Dry Container,UNCTAD / Shanghai Shipping Exchange,Review of Maritime Transport Container Market Series,https://unctad.org/topic/transport-and-trade-logistics/review-of-maritime-transport,2023-03-31T15:00:00Z,public_statistical_annex_cc_by_3.0_igo,v1.0-unctad-scfi
2023-04-07,route-sha-rot,Shanghai,Rotterdam,SCFI,1436.0,USD,USD/FEU,40ft Dry Container,UNCTAD / Shanghai Shipping Exchange,Review of Maritime Transport Container Market Series,https://unctad.org/topic/transport-and-trade-logistics/review-of-maritime-transport,2023-04-07T15:00:00Z,public_statistical_annex_cc_by_3.0_igo,v1.0-unctad-scfi
2023-04-07,route-sha-lax,Shanghai,Los Angeles,SCFI,1597.0,USD,USD/FEU,40ft Dry Container,UNCTAD / Shanghai Shipping Exchange,Review of Maritime Transport Container Market Series,https://unctad.org/topic/transport-and-trade-logistics/review-of-maritime-transport,2023-04-07T15:00:00Z,public_statistical_annex_cc_by_3.0_igo,v1.0-unctad-scfi
2023-04-07,route-rot-nyc,Rotterdam,New York,SCFI,2015.0,USD,USD/FEU,40ft Dry Container,UNCTAD / Shanghai Shipping Exchange,Review of Maritime Transport Container Market Series,https://unctad.org/topic/transport-and-trade-logistics/review-of-maritime-transport,2023-04-07T15:00:00Z,public_statistical_annex_cc_by_3.0_igo,v1.0-unctad-scfi
2023-04-14,route-sha-rot,Shanghai,Rotterdam,SCFI,1418.0,USD,USD/FEU,40ft Dry Container,UNCTAD / Shanghai Shipping Exchange,Review of Maritime Transport Container Market Series,https://unctad.org/topic/transport-and-trade-logistics/review-of-maritime-transport,2023-04-14T15:00:00Z,public_statistical_annex_cc_by_3.0_igo,v1.0-unctad-scfi
2023-04-14,route-sha-lax,Shanghai,Los Angeles,SCFI,1602.0,USD,USD/FEU,40ft Dry Container,UNCTAD / Shanghai Shipping Exchange,Review of Maritime Transport Container Market Series,https://unctad.org/topic/transport-and-trade-logistics/review-of-maritime-transport,2023-04-14T15:00:00Z,public_statistical_annex_cc_by_3.0_igo,v1.0-unctad-scfi
2023-04-14,route-rot-nyc,Rotterdam,New York,SCFI,1932.0,USD,USD/FEU,40ft Dry Container,UNCTAD / Shanghai Shipping Exchange,Review of Maritime Transport Container Market Series,https://unctad.org/topic/transport-and-trade-logistics/review-of-maritime-transport,2023-04-14T15:00:00Z,public_statistical_annex_cc_by_3.0_igo,v1.0-unctad-scfi
2023-04-21,route-sha-rot,Shanghai,Rotterdam,SCFI,1400.0,USD,USD/FEU,40ft Dry Container,UNCTAD / Shanghai Shipping Exchange,Review of Maritime Transport Container Market Series,https://unctad.org/topic/transport-and-trade-logistics/review-of-maritime-transport,2023-04-21T15:00:00Z,public_statistical_annex_cc_by_3.0_igo,v1.0-unctad-scfi
2023-04-21,route-sha-lax,Shanghai,Los Angeles,SCFI,1615.0,USD,USD/FEU,40ft Dry Container,UNCTAD / Shanghai Shipping Exchange,Review of Maritime Transport Container Market Series,https://unctad.org/topic/transport-and-trade-logistics/review-of-maritime-transport,2023-04-21T15:00:00Z,public_statistical_annex_cc_by_3.0_igo,v1.0-unctad-scfi
2023-04-21,route-rot-nyc,Rotterdam,New York,SCFI,1849.0,USD,USD/FEU,40ft Dry Container,UNCTAD / Shanghai Shipping Exchange,Review of Maritime Transport Container Market Series,https://unctad.org/topic/transport-and-trade-logistics/review-of-maritime-transport,2023-04-21T15:00:00Z,public_statistical_annex_cc_by_3.0_igo,v1.0-unctad-scfi
2023-04-28,route-sha-rot,Shanghai,Rotterdam,SCFI,1387.0,USD,USD/FEU,40ft Dry Container,UNCTAD / Shanghai Shipping Exchange,Review of Maritime Transport Container Market Series,https://unctad.org/topic/transport-and-trade-logistics/review-of-maritime-transport,2023-04-28T15:00:00Z,public_statistical_annex_cc_by_3.0_igo,v1.0-unctad-scfi
2023-04-28,route-sha-lax,Shanghai,Los Angeles,SCFI,1635.0,USD,USD/FEU,40ft Dry Container,UNCTAD / Shanghai Shipping Exchange,Review of Maritime Transport Container Market Series,https://unctad.org/topic/transport-and-trade-logistics/review-of-maritime-transport,2023-04-28T15:00:00Z,public_statistical_annex_cc_by_3.0_igo,v1.0-unctad-scfi
2023-04-28,route-rot-nyc,Rotterdam,New York,SCFI,1770.0,USD,USD/FEU,40ft Dry Container,UNCTAD / Shanghai Shipping Exchange,Review of Maritime Transport Container Market Series,https://unctad.org/topic/transport-and-trade-logistics/review-of-maritime-transport,2023-04-28T15:00:00Z,public_statistical_annex_cc_by_3.0_igo,v1.0-unctad-scfi
2023-05-05,route-sha-rot,Shanghai,Rotterdam,SCFI,1381.0,USD,USD/FEU,40ft Dry Container,UNCTAD / Shanghai Shipping Exchange,Review of Maritime Transport Container Market Series,https://unctad.org/topic/transport-and-trade-logistics/review-of-maritime-transport,2023-05-05T15:00:00Z,public_statistical_annex_cc_by_3.0_igo,v1.0-unctad-scfi
2023-05-05,route-sha-lax,Shanghai,Los Angeles,SCFI,1660.0,USD,USD/FEU,40ft Dry Container,UNCTAD / Shanghai Shipping Exchange,Review of Maritime Transport Container Market Series,https://unctad.org/topic/transport-and-trade-logistics/review-of-maritime-transport,2023-05-05T15:00:00Z,public_statistical_annex_cc_by_3.0_igo,v1.0-unctad-scfi
2023-05-05,route-rot-nyc,Rotterdam,New York,SCFI,1799.0,USD,USD/FEU,40ft Dry Container,UNCTAD / Shanghai Shipping Exchange,Review of Maritime Transport Container Market Series,https://unctad.org/topic/transport-and-trade-logistics/review-of-maritime-transport,2023-05-05T15:00:00Z,public_statistical_annex_cc_by_3.0_igo,v1.0-unctad-scfi
2023-05-12,route-sha-rot,Shanghai,Rotterdam,SCFI,1384.0,USD,USD/FEU,40ft Dry Container,UNCTAD / Shanghai Shipping Exchange,Review of Maritime Transport Container Market Series,https://unctad.org/topic/transport-and-trade-logistics/review-of-maritime-transport,2023-05-12T15:00:00Z,public_statistical_annex_cc_by_3.0_igo,v1.0-unctad-scfi
2023-05-12,route-sha-lax,Shanghai,Los Angeles,SCFI,1687.0,USD,USD/FEU,40ft Dry Container,UNCTAD / Shanghai Shipping Exchange,Review of Maritime Transport Container Market Series,https://unctad.org/topic/transport-and-trade-logistics/review-of-maritime-transport,2023-05-12T15:00:00Z,public_statistical_annex_cc_by_3.0_igo,v1.0-unctad-scfi
2023-05-12,route-rot-nyc,Rotterdam,New York,SCFI,1801.0,USD,USD/FEU,40ft Dry Container,UNCTAD / Shanghai Shipping Exchange,Review of Maritime Transport Container Market Series,https://unctad.org/topic/transport-and-trade-logistics/review-of-maritime-transport,2023-05-12T15:00:00Z,public_statistical_annex_cc_by_3.0_igo,v1.0-unctad-scfi
2023-05-19,route-sha-rot,Shanghai,Rotterdam,SCFI,1397.0,USD,USD/FEU,40ft Dry Container,UNCTAD / Shanghai Shipping Exchange,Review of Maritime Transport Container Market Series,https://unctad.org/topic/transport-and-trade-logistics/review-of-maritime-transport,2023-05-19T15:00:00Z,public_statistical_annex_cc_by_3.0_igo,v1.0-unctad-scfi
2023-05-19,route-sha-lax,Shanghai,Los Angeles,SCFI,1713.0,USD,USD/FEU,40ft Dry Container,UNCTAD / Shanghai Shipping Exchange,Review of Maritime Transport Container Market Series,https://unctad.org/topic/transport-and-trade-logistics/review-of-maritime-transport,2023-05-19T15:00:00Z,public_statistical_annex_cc_by_3.0_igo,v1.0-unctad-scfi
2023-05-19,route-rot-nyc,Rotterdam,New York,SCFI,1802.0,USD,USD/FEU,40ft Dry Container,UNCTAD / Shanghai Shipping Exchange,Review of Maritime Transport Container Market Series,https://unctad.org/topic/transport-and-trade-logistics/review-of-maritime-transport,2023-05-19T15:00:00Z,public_statistical_annex_cc_by_3.0_igo,v1.0-unctad-scfi
2023-05-26,route-sha-rot,Shanghai,Rotterdam,SCFI,1418.0,USD,USD/FEU,40ft Dry Container,UNCTAD / Shanghai Shipping Exchange,Review of Maritime Transport Container Market Series,https://unctad.org/topic/transport-and-trade-logistics/review-of-maritime-transport,2023-05-26T15:00:00Z,public_statistical_annex_cc_by_3.0_igo,v1.0-unctad-scfi
2023-05-26,route-sha-lax,Shanghai,Los Angeles,SCFI,1736.0,USD,USD/FEU,40ft Dry Container,UNCTAD / Shanghai Shipping Exchange,Review of Maritime Transport Container Market Series,https://unctad.org/topic/transport-and-trade-logistics/review-of-maritime-transport,2023-05-26T15:00:00Z,public_statistical_annex_cc_by_3.0_igo,v1.0-unctad-scfi
2023-05-26,route-rot-nyc,Rotterdam,New York,SCFI,1801.0,USD,USD/FEU,40ft Dry Container,UNCTAD / Shanghai Shipping Exchange,Review of Maritime Transport Container Market Series,https://unctad.org/topic/transport-and-trade-logistics/review-of-maritime-transport,2023-05-26T15:00:00Z,public_statistical_annex_cc_by_3.0_igo,v1.0-unctad-scfi
2023-06-02,route-sha-rot,Shanghai,Rotterdam,SCFI,1444.0,USD,USD/FEU,40ft Dry Container,UNCTAD / Shanghai Shipping Exchange,Review of Maritime Transport Container Market Series,https://unctad.org/topic/transport-and-trade-logistics/review-of-maritime-transport,2023-06-02T15:00:00Z,public_statistical_annex_cc_by_3.0_igo,v1.0-unctad-scfi
2023-06-02,route-sha-lax,Shanghai,Los Angeles,SCFI,1752.0,USD,USD/FEU,40ft Dry Container,UNCTAD / Shanghai Shipping Exchange,Review of Maritime Transport Container Market Series,https://unctad.org/topic/transport-and-trade-logistics/review-of-maritime-transport,2023-06-02T15:00:00Z,public_statistical_annex_cc_by_3.0_igo,v1.0-unctad-scfi
2023-06-02,route-rot-nyc,Rotterdam,New York,SCFI,1798.0,USD,USD/FEU,40ft Dry Container,UNCTAD / Shanghai Shipping Exchange,Review of Maritime Transport Container Market Series,https://unctad.org/topic/transport-and-trade-logistics/review-of-maritime-transport,2023-06-02T15:00:00Z,public_statistical_annex_cc_by_3.0_igo,v1.0-unctad-scfi
2023-06-09,route-sha-rot,Shanghai,Rotterdam,SCFI,1473.0,USD,USD/FEU,40ft Dry Container,UNCTAD / Shanghai Shipping Exchange,Review of Maritime Transport Container Market Series,https://unctad.org/topic/transport-and-trade-logistics/review-of-maritime-transport,2023-06-09T15:00:00Z,public_statistical_annex_cc_by_3.0_igo,v1.0-unctad-scfi
2023-06-09,route-sha-lax,Shanghai,Los Angeles,SCFI,1761.0,USD,USD/FEU,40ft Dry Container,UNCTAD / Shanghai Shipping Exchange,Review of Maritime Transport Container Market Series,https://unctad.org/topic/transport-and-trade-logistics/review-of-maritime-transport,2023-06-09T15:00:00Z,public_statistical_annex_cc_by_3.0_igo,v1.0-unctad-scfi
2023-06-09,route-rot-nyc,Rotterdam,New York,SCFI,1792.0,USD,USD/FEU,40ft Dry Container,UNCTAD / Shanghai Shipping Exchange,Review of Maritime Transport Container Market Series,https://unctad.org/topic/transport-and-trade-logistics/review-of-maritime-transport,2023-06-09T15:00:00Z,public_statistical_annex_cc_by_3.0_igo,v1.0-unctad-scfi
2023-06-16,route-sha-rot,Shanghai,Rotterdam,SCFI,1501.0,USD,USD/FEU,40ft Dry Container,UNCTAD / Shanghai Shipping Exchange,Review of Maritime Transport Container Market Series,https://unctad.org/topic/transport-and-trade-logistics/review-of-maritime-transport,2023-06-16T15:00:00Z,public_statistical_annex_cc_by_3.0_igo,v1.0-unctad-scfi
2023-06-16,route-sha-lax,Shanghai,Los Angeles,SCFI,1762.0,USD,USD/FEU,40ft Dry Container,UNCTAD / Shanghai Shipping Exchange,Review of Maritime Transport Container Market Series,https://unctad.org/topic/transport-and-trade-logistics/review-of-maritime-transport,2023-06-16T15:00:00Z,public_statistical_annex_cc_by_3.0_igo,v1.0-unctad-scfi
2023-06-16,route-rot-nyc,Rotterdam,New York,SCFI,1783.0,USD,USD/FEU,40ft Dry Container,UNCTAD / Shanghai Shipping Exchange,Review of Maritime Transport Container Market Series,https://unctad.org/topic/transport-and-trade-logistics/review-of-maritime-transport,2023-06-16T15:00:00Z,public_statistical_annex_cc_by_3.0_igo,v1.0-unctad-scfi
2023-06-23,route-sha-rot,Shanghai,Rotterdam,SCFI,1524.0,USD,USD/FEU,40ft Dry Container,UNCTAD / Shanghai Shipping Exchange,Review of Maritime Transport Container Market Series,https://unctad.org/topic/transport-and-trade-logistics/review-of-maritime-transport,2023-06-23T15:00:00Z,public_statistical_annex_cc_by_3.0_igo,v1.0-unctad-scfi
2023-06-23,route-sha-lax,Shanghai,Los Angeles,SCFI,1756.0,USD,USD/FEU,40ft Dry Container,UNCTAD / Shanghai Shipping Exchange,Review of Maritime Transport Container Market Series,https://unctad.org/topic/transport-and-trade-logistics/review-of-maritime-transport,2023-06-23T15:00:00Z,public_statistical_annex_cc_by_3.0_igo,v1.0-unctad-scfi
2023-06-23,route-rot-nyc,Rotterdam,New York,SCFI,1772.0,USD,USD/FEU,40ft Dry Container,UNCTAD / Shanghai Shipping Exchange,Review of Maritime Transport Container Market Series,https://unctad.org/topic/transport-and-trade-logistics/review-of-maritime-transport,2023-06-23T15:00:00Z,public_statistical_annex_cc_by_3.0_igo,v1.0-unctad-scfi
2023-06-30,route-sha-rot,Shanghai,Rotterdam,SCFI,1540.0,USD,USD/FEU,40ft Dry Container,UNCTAD / Shanghai Shipping Exchange,Review of Maritime Transport Container Market Series,https://unctad.org/topic/transport-and-trade-logistics/review-of-maritime-transport,2023-06-30T15:00:00Z,public_statistical_annex_cc_by_3.0_igo,v1.0-unctad-scfi
2023-06-30,route-sha-lax,Shanghai,Los Angeles,SCFI,1745.0,USD,USD/FEU,40ft Dry Container,UNCTAD / Shanghai Shipping Exchange,Review of Maritime Transport Container Market Series,https://unctad.org/topic/transport-and-trade-logistics/review-of-maritime-transport,2023-06-30T15:00:00Z,public_statistical_annex_cc_by_3.0_igo,v1.0-unctad-scfi
2023-06-30,route-rot-nyc,Rotterdam,New York,SCFI,1759.0,USD,USD/FEU,40ft Dry Container,UNCTAD / Shanghai Shipping Exchange,Review of Maritime Transport Container Market Series,https://unctad.org/topic/transport-and-trade-logistics/review-of-maritime-transport,2023-06-30T15:00:00Z,public_statistical_annex_cc_by_3.0_igo,v1.0-unctad-scfi
2023-07-07,route-sha-rot,Shanghai,Rotterdam,SCFI,1546.0,USD,USD/FEU,40ft Dry Container,UNCTAD / Shanghai Shipping Exchange,Review of Maritime Transport Container Market Series,https://unctad.org/topic/transport-and-trade-logistics/review-of-maritime-transport,2023-07-07T15:00:00Z,public_statistical_annex_cc_by_3.0_igo,v1.0-unctad-scfi
2023-07-07,route-sha-lax,Shanghai,Los Angeles,SCFI,1733.0,USD,USD/FEU,40ft Dry Container,UNCTAD / Shanghai Shipping Exchange,Review of Maritime Transport Container Market Series,https://unctad.org/topic/transport-and-trade-logistics/review-of-maritime-transport,2023-07-07T15:00:00Z,public_statistical_annex_cc_by_3.0_igo,v1.0-unctad-scfi
2023-07-07,route-rot-nyc,Rotterdam,New York,SCFI,1744.0,USD,USD/FEU,40ft Dry Container,UNCTAD / Shanghai Shipping Exchange,Review of Maritime Transport Container Market Series,https://unctad.org/topic/transport-and-trade-logistics/review-of-maritime-transport,2023-07-07T15:00:00Z,public_statistical_annex_cc_by_3.0_igo,v1.0-unctad-scfi
2023-07-14,route-sha-rot,Shanghai,Rotterdam,SCFI,1543.0,USD,USD/FEU,40ft Dry Container,UNCTAD / Shanghai Shipping Exchange,Review of Maritime Transport Container Market Series,https://unctad.org/topic/transport-and-trade-logistics/review-of-maritime-transport,2023-07-14T15:00:00Z,public_statistical_annex_cc_by_3.0_igo,v1.0-unctad-scfi
2023-07-14,route-sha-lax,Shanghai,Los Angeles,SCFI,1722.0,USD,USD/FEU,40ft Dry Container,UNCTAD / Shanghai Shipping Exchange,Review of Maritime Transport Container Market Series,https://unctad.org/topic/transport-and-trade-logistics/review-of-maritime-transport,2023-07-14T15:00:00Z,public_statistical_annex_cc_by_3.0_igo,v1.0-unctad-scfi
2023-07-14,route-rot-nyc,Rotterdam,New York,SCFI,1729.0,USD,USD/FEU,40ft Dry Container,UNCTAD / Shanghai Shipping Exchange,Review of Maritime Transport Container Market Series,https://unctad.org/topic/transport-and-trade-logistics/review-of-maritime-transport,2023-07-14T15:00:00Z,public_statistical_annex_cc_by_3.0_igo,v1.0-unctad-scfi
2023-07-21,route-sha-rot,Shanghai,Rotterdam,SCFI,1531.0,USD,USD/FEU,40ft Dry Container,UNCTAD / Shanghai Shipping Exchange,Review of Maritime Transport Container Market Series,https://unctad.org/topic/transport-and-trade-logistics/review-of-maritime-transport,2023-07-21T15:00:00Z,public_statistical_annex_cc_by_3.0_igo,v1.0-unctad-scfi
2023-07-21,route-sha-lax,Shanghai,Los Angeles,SCFI,1715.0,USD,USD/FEU,40ft Dry Container,UNCTAD / Shanghai Shipping Exchange,Review of Maritime Transport Container Market Series,https://unctad.org/topic/transport-and-trade-logistics/review-of-maritime-transport,2023-07-21T15:00:00Z,public_statistical_annex_cc_by_3.0_igo,v1.0-unctad-scfi
2023-07-21,route-rot-nyc,Rotterdam,New York,SCFI,1714.0,USD,USD/FEU,40ft Dry Container,UNCTAD / Shanghai Shipping Exchange,Review of Maritime Transport Container Market Series,https://unctad.org/topic/transport-and-trade-logistics/review-of-maritime-transport,2023-07-21T15:00:00Z,public_statistical_annex_cc_by_3.0_igo,v1.0-unctad-scfi
2023-07-28,route-sha-rot,Shanghai,Rotterdam,SCFI,1515.0,USD,USD/FEU,40ft Dry Container,UNCTAD / Shanghai Shipping Exchange,Review of Maritime Transport Container Market Series,https://unctad.org/topic/transport-and-trade-logistics/review-of-maritime-transport,2023-07-28T15:00:00Z,public_statistical_annex_cc_by_3.0_igo,v1.0-unctad-scfi
2023-07-28,route-sha-lax,Shanghai,Los Angeles,SCFI,1715.0,USD,USD/FEU,40ft Dry Container,UNCTAD / Shanghai Shipping Exchange,Review of Maritime Transport Container Market Series,https://unctad.org/topic/transport-and-trade-logistics/review-of-maritime-transport,2023-07-28T15:00:00Z,public_statistical_annex_cc_by_3.0_igo,v1.0-unctad-scfi
2023-07-28,route-rot-nyc,Rotterdam,New York,SCFI,1699.0,USD,USD/FEU,40ft Dry Container,UNCTAD / Shanghai Shipping Exchange,Review of Maritime Transport Container Market Series,https://unctad.org/topic/transport-and-trade-logistics/review-of-maritime-transport,2023-07-28T15:00:00Z,public_statistical_annex_cc_by_3.0_igo,v1.0-unctad-scfi
2023-08-04,route-sha-rot,Shanghai,Rotterdam,SCFI,1496.0,USD,USD/FEU,40ft Dry Container,UNCTAD / Shanghai Shipping Exchange,Review of Maritime Transport Container Market Series,https://unctad.org/topic/transport-and-trade-logistics/review-of-maritime-transport,2023-08-04T15:00:00Z,public_statistical_annex_cc_by_3.0_igo,v1.0-unctad-scfi
2023-08-04,route-sha-lax,Shanghai,Los Angeles,SCFI,1722.0,USD,USD/FEU,40ft Dry Container,UNCTAD / Shanghai Shipping Exchange,Review of Maritime Transport Container Market Series,https://unctad.org/topic/transport-and-trade-logistics/review-of-maritime-transport,2023-08-04T15:00:00Z,public_statistical_annex_cc_by_3.0_igo,v1.0-unctad-scfi
2023-08-04,route-rot-nyc,Rotterdam,New York,SCFI,1687.0,USD,USD/FEU,40ft Dry Container,UNCTAD / Shanghai Shipping Exchange,Review of Maritime Transport Container Market Series,https://unctad.org/topic/transport-and-trade-logistics/review-of-maritime-transport,2023-08-04T15:00:00Z,public_statistical_annex_cc_by_3.0_igo,v1.0-unctad-scfi
2023-08-11,route-sha-rot,Shanghai,Rotterdam,SCFI,1480.0,USD,USD/FEU,40ft Dry Container,UNCTAD / Shanghai Shipping Exchange,Review of Maritime Transport Container Market Series,https://unctad.org/topic/transport-and-trade-logistics/review-of-maritime-transport,2023-08-11T15:00:00Z,public_statistical_annex_cc_by_3.0_igo,v1.0-unctad-scfi
2023-08-11,route-sha-lax,Shanghai,Los Angeles,SCFI,1737.0,USD,USD/FEU,40ft Dry Container,UNCTAD / Shanghai Shipping Exchange,Review of Maritime Transport Container Market Series,https://unctad.org/topic/transport-and-trade-logistics/review-of-maritime-transport,2023-08-11T15:00:00Z,public_statistical_annex_cc_by_3.0_igo,v1.0-unctad-scfi
2023-08-11,route-rot-nyc,Rotterdam,New York,SCFI,1676.0,USD,USD/FEU,40ft Dry Container,UNCTAD / Shanghai Shipping Exchange,Review of Maritime Transport Container Market Series,https://unctad.org/topic/transport-and-trade-logistics/review-of-maritime-transport,2023-08-11T15:00:00Z,public_statistical_annex_cc_by_3.0_igo,v1.0-unctad-scfi
2023-08-18,route-sha-rot,Shanghai,Rotterdam,SCFI,1468.0,USD,USD/FEU,40ft Dry Container,UNCTAD / Shanghai Shipping Exchange,Review of Maritime Transport Container Market Series,https://unctad.org/topic/transport-and-trade-logistics/review-of-maritime-transport,2023-08-18T15:00:00Z,public_statistical_annex_cc_by_3.0_igo,v1.0-unctad-scfi
2023-08-18,route-sha-lax,Shanghai,Los Angeles,SCFI,1759.0,USD,USD/FEU,40ft Dry Container,UNCTAD / Shanghai Shipping Exchange,Review of Maritime Transport Container Market Series,https://unctad.org/topic/transport-and-trade-logistics/review-of-maritime-transport,2023-08-18T15:00:00Z,public_statistical_annex_cc_by_3.0_igo,v1.0-unctad-scfi
2023-08-18,route-rot-nyc,Rotterdam,New York,SCFI,1668.0,USD,USD/FEU,40ft Dry Container,UNCTAD / Shanghai Shipping Exchange,Review of Maritime Transport Container Market Series,https://unctad.org/topic/transport-and-trade-logistics/review-of-maritime-transport,2023-08-18T15:00:00Z,public_statistical_annex_cc_by_3.0_igo,v1.0-unctad-scfi
2023-08-25,route-sha-rot,Shanghai,Rotterdam,SCFI,1465.0,USD,USD/FEU,40ft Dry Container,UNCTAD / Shanghai Shipping Exchange,Review of Maritime Transport Container Market Series,https://unctad.org/topic/transport-and-trade-logistics/review-of-maritime-transport,2023-08-25T15:00:00Z,public_statistical_annex_cc_by_3.0_igo,v1.0-unctad-scfi
2023-08-25,route-sha-lax,Shanghai,Los Angeles,SCFI,1784.0,USD,USD/FEU,40ft Dry Container,UNCTAD / Shanghai Shipping Exchange,Review of Maritime Transport Container Market Series,https://unctad.org/topic/transport-and-trade-logistics/review-of-maritime-transport,2023-08-25T15:00:00Z,public_statistical_annex_cc_by_3.0_igo,v1.0-unctad-scfi
2023-08-25,route-rot-nyc,Rotterdam,New York,SCFI,1662.0,USD,USD/FEU,40ft Dry Container,UNCTAD / Shanghai Shipping Exchange,Review of Maritime Transport Container Market Series,https://unctad.org/topic/transport-and-trade-logistics/review-of-maritime-transport,2023-08-25T15:00:00Z,public_statistical_annex_cc_by_3.0_igo,v1.0-unctad-scfi
2023-09-01,route-sha-rot,Shanghai,Rotterdam,SCFI,1471.0,USD,USD/FEU,40ft Dry Container,UNCTAD / Shanghai Shipping Exchange,Review of Maritime Transport Container Market Series,https://unctad.org/topic/transport-and-trade-logistics/review-of-maritime-transport,2023-09-01T15:00:00Z,public_statistical_annex_cc_by_3.0_igo,v1.0-unctad-scfi
2023-09-01,route-sha-lax,Shanghai,Los Angeles,SCFI,1812.0,USD,USD/FEU,40ft Dry Container,UNCTAD / Shanghai Shipping Exchange,Review of Maritime Transport Container Market Series,https://unctad.org/topic/transport-and-trade-logistics/review-of-maritime-transport,2023-09-01T15:00:00Z,public_statistical_annex_cc_by_3.0_igo,v1.0-unctad-scfi
2023-09-01,route-rot-nyc,Rotterdam,New York,SCFI,1660.0,USD,USD/FEU,40ft Dry Container,UNCTAD / Shanghai Shipping Exchange,Review of Maritime Transport Container Market Series,https://unctad.org/topic/transport-and-trade-logistics/review-of-maritime-transport,2023-09-01T15:00:00Z,public_statistical_annex_cc_by_3.0_igo,v1.0-unctad-scfi
2023-09-08,route-sha-rot,Shanghai,Rotterdam,SCFI,1486.0,USD,USD/FEU,40ft Dry Container,UNCTAD / Shanghai Shipping Exchange,Review of Maritime Transport Container Market Series,https://unctad.org/topic/transport-and-trade-logistics/review-of-maritime-transport,2023-09-08T15:00:00Z,public_statistical_annex_cc_by_3.0_igo,v1.0-unctad-scfi
2023-09-08,route-sha-lax,Shanghai,Los Angeles,SCFI,1837.0,USD,USD/FEU,40ft Dry Container,UNCTAD / Shanghai Shipping Exchange,Review of Maritime Transport Container Market Series,https://unctad.org/topic/transport-and-trade-logistics/review-of-maritime-transport,2023-09-08T15:00:00Z,public_statistical_annex_cc_by_3.0_igo,v1.0-unctad-scfi
2023-09-08,route-rot-nyc,Rotterdam,New York,SCFI,1659.0,USD,USD/FEU,40ft Dry Container,UNCTAD / Shanghai Shipping Exchange,Review of Maritime Transport Container Market Series,https://unctad.org/topic/transport-and-trade-logistics/review-of-maritime-transport,2023-09-08T15:00:00Z,public_statistical_annex_cc_by_3.0_igo,v1.0-unctad-scfi
2023-09-15,route-sha-rot,Shanghai,Rotterdam,SCFI,1508.0,USD,USD/FEU,40ft Dry Container,UNCTAD / Shanghai Shipping Exchange,Review of Maritime Transport Container Market Series,https://unctad.org/topic/transport-and-trade-logistics/review-of-maritime-transport,2023-09-15T15:00:00Z,public_statistical_annex_cc_by_3.0_igo,v1.0-unctad-scfi
2023-09-15,route-sha-lax,Shanghai,Los Angeles,SCFI,1858.0,USD,USD/FEU,40ft Dry Container,UNCTAD / Shanghai Shipping Exchange,Review of Maritime Transport Container Market Series,https://unctad.org/topic/transport-and-trade-logistics/review-of-maritime-transport,2023-09-15T15:00:00Z,public_statistical_annex_cc_by_3.0_igo,v1.0-unctad-scfi
2023-09-15,route-rot-nyc,Rotterdam,New York,SCFI,1660.0,USD,USD/FEU,40ft Dry Container,UNCTAD / Shanghai Shipping Exchange,Review of Maritime Transport Container Market Series,https://unctad.org/topic/transport-and-trade-logistics/review-of-maritime-transport,2023-09-15T15:00:00Z,public_statistical_annex_cc_by_3.0_igo,v1.0-unctad-scfi
2023-09-22,route-sha-rot,Shanghai,Rotterdam,SCFI,1536.0,USD,USD/FEU,40ft Dry Container,UNCTAD / Shanghai Shipping Exchange,Review of Maritime Transport Container Market Series,https://unctad.org/topic/transport-and-trade-logistics/review-of-maritime-transport,2023-09-22T15:00:00Z,public_statistical_annex_cc_by_3.0_igo,v1.0-unctad-scfi
2023-09-22,route-sha-lax,Shanghai,Los Angeles,SCFI,1873.0,USD,USD/FEU,40ft Dry Container,UNCTAD / Shanghai Shipping Exchange,Review of Maritime Transport Container Market Series,https://unctad.org/topic/transport-and-trade-logistics/review-of-maritime-transport,2023-09-22T15:00:00Z,public_statistical_annex_cc_by_3.0_igo,v1.0-unctad-scfi
2023-09-22,route-rot-nyc,Rotterdam,New York,SCFI,1663.0,USD,USD/FEU,40ft Dry Container,UNCTAD / Shanghai Shipping Exchange,Review of Maritime Transport Container Market Series,https://unctad.org/topic/transport-and-trade-logistics/review-of-maritime-transport,2023-09-22T15:00:00Z,public_statistical_annex_cc_by_3.0_igo,v1.0-unctad-scfi
2023-09-29,route-sha-rot,Shanghai,Rotterdam,SCFI,1565.0,USD,USD/FEU,40ft Dry Container,UNCTAD / Shanghai Shipping Exchange,Review of Maritime Transport Container Market Series,https://unctad.org/topic/transport-and-trade-logistics/review-of-maritime-transport,2023-09-29T15:00:00Z,public_statistical_annex_cc_by_3.0_igo,v1.0-unctad-scfi
2023-09-29,route-sha-lax,Shanghai,Los Angeles,SCFI,1879.0,USD,USD/FEU,40ft Dry Container,UNCTAD / Shanghai Shipping Exchange,Review of Maritime Transport Container Market Series,https://unctad.org/topic/transport-and-trade-logistics/review-of-maritime-transport,2023-09-29T15:00:00Z,public_statistical_annex_cc_by_3.0_igo,v1.0-unctad-scfi
2023-09-29,route-rot-nyc,Rotterdam,New York,SCFI,1665.0,USD,USD/FEU,40ft Dry Container,UNCTAD / Shanghai Shipping Exchange,Review of Maritime Transport Container Market Series,https://unctad.org/topic/transport-and-trade-logistics/review-of-maritime-transport,2023-09-29T15:00:00Z,public_statistical_annex_cc_by_3.0_igo,v1.0-unctad-scfi
2023-10-06,route-sha-rot,Shanghai,Rotterdam,SCFI,1592.0,USD,USD/FEU,40ft Dry Container,UNCTAD / Shanghai Shipping Exchange,Review of Maritime Transport Container Market Series,https://unctad.org/topic/transport-and-trade-logistics/review-of-maritime-transport,2023-10-06T15:00:00Z,public_statistical_annex_cc_by_3.0_igo,v1.0-unctad-scfi
2023-10-06,route-sha-lax,Shanghai,Los Angeles,SCFI,1878.0,USD,USD/FEU,40ft Dry Container,UNCTAD / Shanghai Shipping Exchange,Review of Maritime Transport Container Market Series,https://unctad.org/topic/transport-and-trade-logistics/review-of-maritime-transport,2023-10-06T15:00:00Z,public_statistical_annex_cc_by_3.0_igo,v1.0-unctad-scfi
2023-10-06,route-rot-nyc,Rotterdam,New York,SCFI,1667.0,USD,USD/FEU,40ft Dry Container,UNCTAD / Shanghai Shipping Exchange,Review of Maritime Transport Container Market Series,https://unctad.org/topic/transport-and-trade-logistics/review-of-maritime-transport,2023-10-06T15:00:00Z,public_statistical_annex_cc_by_3.0_igo,v1.0-unctad-scfi
2023-10-13,route-sha-rot,Shanghai,Rotterdam,SCFI,1613.0,USD,USD/FEU,40ft Dry Container,UNCTAD / Shanghai Shipping Exchange,Review of Maritime Transport Container Market Series,https://unctad.org/topic/transport-and-trade-logistics/review-of-maritime-transport,2023-10-13T15:00:00Z,public_statistical_annex_cc_by_3.0_igo,v1.0-unctad-scfi
2023-10-13,route-sha-lax,Shanghai,Los Angeles,SCFI,1870.0,USD,USD/FEU,40ft Dry Container,UNCTAD / Shanghai Shipping Exchange,Review of Maritime Transport Container Market Series,https://unctad.org/topic/transport-and-trade-logistics/review-of-maritime-transport,2023-10-13T15:00:00Z,public_statistical_annex_cc_by_3.0_igo,v1.0-unctad-scfi
2023-10-13,route-rot-nyc,Rotterdam,New York,SCFI,1668.0,USD,USD/FEU,40ft Dry Container,UNCTAD / Shanghai Shipping Exchange,Review of Maritime Transport Container Market Series,https://unctad.org/topic/transport-and-trade-logistics/review-of-maritime-transport,2023-10-13T15:00:00Z,public_statistical_annex_cc_by_3.0_igo,v1.0-unctad-scfi
2023-10-20,route-sha-rot,Shanghai,Rotterdam,SCFI,1626.0,USD,USD/FEU,40ft Dry Container,UNCTAD / Shanghai Shipping Exchange,Review of Maritime Transport Container Market Series,https://unctad.org/topic/transport-and-trade-logistics/review-of-maritime-transport,2023-10-20T15:00:00Z,public_statistical_annex_cc_by_3.0_igo,v1.0-unctad-scfi
2023-10-20,route-sha-lax,Shanghai,Los Angeles,SCFI,1859.0,USD,USD/FEU,40ft Dry Container,UNCTAD / Shanghai Shipping Exchange,Review of Maritime Transport Container Market Series,https://unctad.org/topic/transport-and-trade-logistics/review-of-maritime-transport,2023-10-20T15:00:00Z,public_statistical_annex_cc_by_3.0_igo,v1.0-unctad-scfi
2023-10-20,route-rot-nyc,Rotterdam,New York,SCFI,1667.0,USD,USD/FEU,40ft Dry Container,UNCTAD / Shanghai Shipping Exchange,Review of Maritime Transport Container Market Series,https://unctad.org/topic/transport-and-trade-logistics/review-of-maritime-transport,2023-10-20T15:00:00Z,public_statistical_annex_cc_by_3.0_igo,v1.0-unctad-scfi
2023-10-27,route-sha-rot,Shanghai,Rotterdam,SCFI,1629.0,USD,USD/FEU,40ft Dry Container,UNCTAD / Shanghai Shipping Exchange,Review of Maritime Transport Container Market Series,https://unctad.org/topic/transport-and-trade-logistics/review-of-maritime-transport,2023-10-27T15:00:00Z,public_statistical_annex_cc_by_3.0_igo,v1.0-unctad-scfi
2023-10-27,route-sha-lax,Shanghai,Los Angeles,SCFI,1847.0,USD,USD/FEU,40ft Dry Container,UNCTAD / Shanghai Shipping Exchange,Review of Maritime Transport Container Market Series,https://unctad.org/topic/transport-and-trade-logistics/review-of-maritime-transport,2023-10-27T15:00:00Z,public_statistical_annex_cc_by_3.0_igo,v1.0-unctad-scfi
2023-10-27,route-rot-nyc,Rotterdam,New York,SCFI,1663.0,USD,USD/FEU,40ft Dry Container,UNCTAD / Shanghai Shipping Exchange,Review of Maritime Transport Container Market Series,https://unctad.org/topic/transport-and-trade-logistics/review-of-maritime-transport,2023-10-27T15:00:00Z,public_statistical_annex_cc_by_3.0_igo,v1.0-unctad-scfi
2023-11-03,route-sha-rot,Shanghai,Rotterdam,SCFI,1624.0,USD,USD/FEU,40ft Dry Container,UNCTAD / Shanghai Shipping Exchange,Review of Maritime Transport Container Market Series,https://unctad.org/topic/transport-and-trade-logistics/review-of-maritime-transport,2023-11-03T15:00:00Z,public_statistical_annex_cc_by_3.0_igo,v1.0-unctad-scfi
2023-11-03,route-sha-lax,Shanghai,Los Angeles,SCFI,1836.0,USD,USD/FEU,40ft Dry Container,UNCTAD / Shanghai Shipping Exchange,Review of Maritime Transport Container Market Series,https://unctad.org/topic/transport-and-trade-logistics/review-of-maritime-transport,2023-11-03T15:00:00Z,public_statistical_annex_cc_by_3.0_igo,v1.0-unctad-scfi
2023-11-03,route-rot-nyc,Rotterdam,New York,SCFI,1657.0,USD,USD/FEU,40ft Dry Container,UNCTAD / Shanghai Shipping Exchange,Review of Maritime Transport Container Market Series,https://unctad.org/topic/transport-and-trade-logistics/review-of-maritime-transport,2023-11-03T15:00:00Z,public_statistical_annex_cc_by_3.0_igo,v1.0-unctad-scfi
2023-11-10,route-sha-rot,Shanghai,Rotterdam,SCFI,1611.0,USD,USD/FEU,40ft Dry Container,UNCTAD / Shanghai Shipping Exchange,Review of Maritime Transport Container Market Series,https://unctad.org/topic/transport-and-trade-logistics/review-of-maritime-transport,2023-11-10T15:00:00Z,public_statistical_annex_cc_by_3.0_igo,v1.0-unctad-scfi
2023-11-10,route-sha-lax,Shanghai,Los Angeles,SCFI,1831.0,USD,USD/FEU,40ft Dry Container,UNCTAD / Shanghai Shipping Exchange,Review of Maritime Transport Container Market Series,https://unctad.org/topic/transport-and-trade-logistics/review-of-maritime-transport,2023-11-10T15:00:00Z,public_statistical_annex_cc_by_3.0_igo,v1.0-unctad-scfi
2023-11-10,route-rot-nyc,Rotterdam,New York,SCFI,1649.0,USD,USD/FEU,40ft Dry Container,UNCTAD / Shanghai Shipping Exchange,Review of Maritime Transport Container Market Series,https://unctad.org/topic/transport-and-trade-logistics/review-of-maritime-transport,2023-11-10T15:00:00Z,public_statistical_annex_cc_by_3.0_igo,v1.0-unctad-scfi
2023-11-17,route-sha-rot,Shanghai,Rotterdam,SCFI,1593.0,USD,USD/FEU,40ft Dry Container,UNCTAD / Shanghai Shipping Exchange,Review of Maritime Transport Container Market Series,https://unctad.org/topic/transport-and-trade-logistics/review-of-maritime-transport,2023-11-17T15:00:00Z,public_statistical_annex_cc_by_3.0_igo,v1.0-unctad-scfi
2023-11-17,route-sha-lax,Shanghai,Los Angeles,SCFI,1833.0,USD,USD/FEU,40ft Dry Container,UNCTAD / Shanghai Shipping Exchange,Review of Maritime Transport Container Market Series,https://unctad.org/topic/transport-and-trade-logistics/review-of-maritime-transport,2023-11-17T15:00:00Z,public_statistical_annex_cc_by_3.0_igo,v1.0-unctad-scfi
2023-11-17,route-rot-nyc,Rotterdam,New York,SCFI,1637.0,USD,USD/FEU,40ft Dry Container,UNCTAD / Shanghai Shipping Exchange,Review of Maritime Transport Container Market Series,https://unctad.org/topic/transport-and-trade-logistics/review-of-maritime-transport,2023-11-17T15:00:00Z,public_statistical_annex_cc_by_3.0_igo,v1.0-unctad-scfi
2023-11-24,route-sha-rot,Shanghai,Rotterdam,SCFI,1575.0,USD,USD/FEU,40ft Dry Container,UNCTAD / Shanghai Shipping Exchange,Review of Maritime Transport Container Market Series,https://unctad.org/topic/transport-and-trade-logistics/review-of-maritime-transport,2023-11-24T15:00:00Z,public_statistical_annex_cc_by_3.0_igo,v1.0-unctad-scfi
2023-11-24,route-sha-lax,Shanghai,Los Angeles,SCFI,1843.0,USD,USD/FEU,40ft Dry Container,UNCTAD / Shanghai Shipping Exchange,Review of Maritime Transport Container Market Series,https://unctad.org/topic/transport-and-trade-logistics/review-of-maritime-transport,2023-11-24T15:00:00Z,public_statistical_annex_cc_by_3.0_igo,v1.0-unctad-scfi
2023-11-24,route-rot-nyc,Rotterdam,New York,SCFI,1624.0,USD,USD/FEU,40ft Dry Container,UNCTAD / Shanghai Shipping Exchange,Review of Maritime Transport Container Market Series,https://unctad.org/topic/transport-and-trade-logistics/review-of-maritime-transport,2023-11-24T15:00:00Z,public_statistical_annex_cc_by_3.0_igo,v1.0-unctad-scfi
2023-12-01,route-sha-rot,Shanghai,Rotterdam,SCFI,1559.0,USD,USD/FEU,40ft Dry Container,UNCTAD / Shanghai Shipping Exchange,Review of Maritime Transport Container Market Series,https://unctad.org/topic/transport-and-trade-logistics/review-of-maritime-transport,2023-12-01T15:00:00Z,public_statistical_annex_cc_by_3.0_igo,v1.0-unctad-scfi
2023-12-01,route-sha-lax,Shanghai,Los Angeles,SCFI,1860.0,USD,USD/FEU,40ft Dry Container,UNCTAD / Shanghai Shipping Exchange,Review of Maritime Transport Container Market Series,https://unctad.org/topic/transport-and-trade-logistics/review-of-maritime-transport,2023-12-01T15:00:00Z,public_statistical_annex_cc_by_3.0_igo,v1.0-unctad-scfi
2023-12-01,route-rot-nyc,Rotterdam,New York,SCFI,1610.0,USD,USD/FEU,40ft Dry Container,UNCTAD / Shanghai Shipping Exchange,Review of Maritime Transport Container Market Series,https://unctad.org/topic/transport-and-trade-logistics/review-of-maritime-transport,2023-12-01T15:00:00Z,public_statistical_annex_cc_by_3.0_igo,v1.0-unctad-scfi
2023-12-08,route-sha-rot,Shanghai,Rotterdam,SCFI,1642.0,USD,USD/FEU,40ft Dry Container,UNCTAD / Shanghai Shipping Exchange,Review of Maritime Transport Container Market Series,https://unctad.org/topic/transport-and-trade-logistics/review-of-maritime-transport,2023-12-08T15:00:00Z,public_statistical_annex_cc_by_3.0_igo,v1.0-unctad-scfi
2023-12-08,route-sha-lax,Shanghai,Los Angeles,SCFI,1950.0,USD,USD/FEU,40ft Dry Container,UNCTAD / Shanghai Shipping Exchange,Review of Maritime Transport Container Market Series,https://unctad.org/topic/transport-and-trade-logistics/review-of-maritime-transport,2023-12-08T15:00:00Z,public_statistical_annex_cc_by_3.0_igo,v1.0-unctad-scfi
2023-12-08,route-rot-nyc,Rotterdam,New York,SCFI,1621.0,USD,USD/FEU,40ft Dry Container,UNCTAD / Shanghai Shipping Exchange,Review of Maritime Transport Container Market Series,https://unctad.org/topic/transport-and-trade-logistics/review-of-maritime-transport,2023-12-08T15:00:00Z,public_statistical_annex_cc_by_3.0_igo,v1.0-unctad-scfi
2023-12-15,route-sha-rot,Shanghai,Rotterdam,SCFI,1674.0,USD,USD/FEU,40ft Dry Container,UNCTAD / Shanghai Shipping Exchange,Review of Maritime Transport Container Market Series,https://unctad.org/topic/transport-and-trade-logistics/review-of-maritime-transport,2023-12-15T15:00:00Z,public_statistical_annex_cc_by_3.0_igo,v1.0-unctad-scfi
2023-12-15,route-sha-lax,Shanghai,Los Angeles,SCFI,1999.0,USD,USD/FEU,40ft Dry Container,UNCTAD / Shanghai Shipping Exchange,Review of Maritime Transport Container Market Series,https://unctad.org/topic/transport-and-trade-logistics/review-of-maritime-transport,2023-12-15T15:00:00Z,public_statistical_annex_cc_by_3.0_igo,v1.0-unctad-scfi
2023-12-15,route-rot-nyc,Rotterdam,New York,SCFI,1640.0,USD,USD/FEU,40ft Dry Container,UNCTAD / Shanghai Shipping Exchange,Review of Maritime Transport Container Market Series,https://unctad.org/topic/transport-and-trade-logistics/review-of-maritime-transport,2023-12-15T15:00:00Z,public_statistical_annex_cc_by_3.0_igo,v1.0-unctad-scfi
2023-12-22,route-sha-rot,Shanghai,Rotterdam,SCFI,1722.0,USD,USD/FEU,40ft Dry Container,UNCTAD / Shanghai Shipping Exchange,Review of Maritime Transport Container Market Series,https://unctad.org/topic/transport-and-trade-logistics/review-of-maritime-transport,2023-12-22T15:00:00Z,public_statistical_annex_cc_by_3.0_igo,v1.0-unctad-scfi
2023-12-22,route-sha-lax,Shanghai,Los Angeles,SCFI,2062.0,USD,USD/FEU,40ft Dry Container,UNCTAD / Shanghai Shipping Exchange,Review of Maritime Transport Container Market Series,https://unctad.org/topic/transport-and-trade-logistics/review-of-maritime-transport,2023-12-22T15:00:00Z,public_statistical_annex_cc_by_3.0_igo,v1.0-unctad-scfi
2023-12-22,route-rot-nyc,Rotterdam,New York,SCFI,1653.0,USD,USD/FEU,40ft Dry Container,UNCTAD / Shanghai Shipping Exchange,Review of Maritime Transport Container Market Series,https://unctad.org/topic/transport-and-trade-logistics/review-of-maritime-transport,2023-12-22T15:00:00Z,public_statistical_annex_cc_by_3.0_igo,v1.0-unctad-scfi
2023-12-29,route-sha-rot,Shanghai,Rotterdam,SCFI,1794.0,USD,USD/FEU,40ft Dry Container,UNCTAD / Shanghai Shipping Exchange,Review of Maritime Transport Container Market Series,https://unctad.org/topic/transport-and-trade-logistics/review-of-maritime-transport,2023-12-29T15:00:00Z,public_statistical_annex_cc_by_3.0_igo,v1.0-unctad-scfi
2023-12-29,route-sha-lax,Shanghai,Los Angeles,SCFI,2145.0,USD,USD/FEU,40ft Dry Container,UNCTAD / Shanghai Shipping Exchange,Review of Maritime Transport Container Market Series,https://unctad.org/topic/transport-and-trade-logistics/review-of-maritime-transport,2023-12-29T15:00:00Z,public_statistical_annex_cc_by_3.0_igo,v1.0-unctad-scfi
2023-12-29,route-rot-nyc,Rotterdam,New York,SCFI,1660.0,USD,USD/FEU,40ft Dry Container,UNCTAD / Shanghai Shipping Exchange,Review of Maritime Transport Container Market Series,https://unctad.org/topic/transport-and-trade-logistics/review-of-maritime-transport,2023-12-29T15:00:00Z,public_statistical_annex_cc_by_3.0_igo,v1.0-unctad-scfi
2024-01-05,route-sha-rot,Shanghai,Rotterdam,SCFI,1888.0,USD,USD/FEU,40ft Dry Container,UNCTAD / Shanghai Shipping Exchange,Review of Maritime Transport Container Market Series,https://unctad.org/topic/transport-and-trade-logistics/review-of-maritime-transport,2024-01-05T15:00:00Z,public_statistical_annex_cc_by_3.0_igo,v1.0-unctad-scfi
2024-01-05,route-sha-lax,Shanghai,Los Angeles,SCFI,2247.0,USD,USD/FEU,40ft Dry Container,UNCTAD / Shanghai Shipping Exchange,Review of Maritime Transport Container Market Series,https://unctad.org/topic/transport-and-trade-logistics/review-of-maritime-transport,2024-01-05T15:00:00Z,public_statistical_annex_cc_by_3.0_igo,v1.0-unctad-scfi
2024-01-05,route-rot-nyc,Rotterdam,New York,SCFI,1662.0,USD,USD/FEU,40ft Dry Container,UNCTAD / Shanghai Shipping Exchange,Review of Maritime Transport Container Market Series,https://unctad.org/topic/transport-and-trade-logistics/review-of-maritime-transport,2024-01-05T15:00:00Z,public_statistical_annex_cc_by_3.0_igo,v1.0-unctad-scfi
2024-01-12,route-sha-rot,Shanghai,Rotterdam,SCFI,1998.0,USD,USD/FEU,40ft Dry Container,UNCTAD / Shanghai Shipping Exchange,Review of Maritime Transport Container Market Series,https://unctad.org/topic/transport-and-trade-logistics/review-of-maritime-transport,2024-01-12T15:00:00Z,public_statistical_annex_cc_by_3.0_igo,v1.0-unctad-scfi
2024-01-12,route-sha-lax,Shanghai,Los Angeles,SCFI,2362.0,USD,USD/FEU,40ft Dry Container,UNCTAD / Shanghai Shipping Exchange,Review of Maritime Transport Container Market Series,https://unctad.org/topic/transport-and-trade-logistics/review-of-maritime-transport,2024-01-12T15:00:00Z,public_statistical_annex_cc_by_3.0_igo,v1.0-unctad-scfi
2024-01-12,route-rot-nyc,Rotterdam,New York,SCFI,1660.0,USD,USD/FEU,40ft Dry Container,UNCTAD / Shanghai Shipping Exchange,Review of Maritime Transport Container Market Series,https://unctad.org/topic/transport-and-trade-logistics/review-of-maritime-transport,2024-01-12T15:00:00Z,public_statistical_annex_cc_by_3.0_igo,v1.0-unctad-scfi
2024-01-19,route-sha-rot,Shanghai,Rotterdam,SCFI,2109.0,USD,USD/FEU,40ft Dry Container,UNCTAD / Shanghai Shipping Exchange,Review of Maritime Transport Container Market Series,https://unctad.org/topic/transport-and-trade-logistics/review-of-maritime-transport,2024-01-19T15:00:00Z,public_statistical_annex_cc_by_3.0_igo,v1.0-unctad-scfi
2024-01-19,route-sha-lax,Shanghai,Los Angeles,SCFI,2478.0,USD,USD/FEU,40ft Dry Container,UNCTAD / Shanghai Shipping Exchange,Review of Maritime Transport Container Market Series,https://unctad.org/topic/transport-and-trade-logistics/review-of-maritime-transport,2024-01-19T15:00:00Z,public_statistical_annex_cc_by_3.0_igo,v1.0-unctad-scfi
2024-01-19,route-rot-nyc,Rotterdam,New York,SCFI,1658.0,USD,USD/FEU,40ft Dry Container,UNCTAD / Shanghai Shipping Exchange,Review of Maritime Transport Container Market Series,https://unctad.org/topic/transport-and-trade-logistics/review-of-maritime-transport,2024-01-19T15:00:00Z,public_statistical_annex_cc_by_3.0_igo,v1.0-unctad-scfi
2024-01-26,route-sha-rot,Shanghai,Rotterdam,SCFI,2207.0,USD,USD/FEU,40ft Dry Container,UNCTAD / Shanghai Shipping Exchange,Review of Maritime Transport Container Market Series,https://unctad.org/topic/transport-and-trade-logistics/review-of-maritime-transport,2024-01-26T15:00:00Z,public_statistical_annex_cc_by_3.0_igo,v1.0-unctad-scfi
2024-01-26,route-sha-lax,Shanghai,Los Angeles,SCFI,2584.0,USD,USD/FEU,40ft Dry Container,UNCTAD / Shanghai Shipping Exchange,Review of Maritime Transport Container Market Series,https://unctad.org/topic/transport-and-trade-logistics/review-of-maritime-transport,2024-01-26T15:00:00Z,public_statistical_annex_cc_by_3.0_igo,v1.0-unctad-scfi
2024-01-26,route-rot-nyc,Rotterdam,New York,SCFI,1659.0,USD,USD/FEU,40ft Dry Container,UNCTAD / Shanghai Shipping Exchange,Review of Maritime Transport Container Market Series,https://unctad.org/topic/transport-and-trade-logistics/review-of-maritime-transport,2024-01-26T15:00:00Z,public_statistical_annex_cc_by_3.0_igo,v1.0-unctad-scfi
2024-02-02,route-sha-rot,Shanghai,Rotterdam,SCFI,2282.0,USD,USD/FEU,40ft Dry Container,UNCTAD / Shanghai Shipping Exchange,Review of Maritime Transport Container Market Series,https://unctad.org/topic/transport-and-trade-logistics/review-of-maritime-transport,2024-02-02T15:00:00Z,public_statistical_annex_cc_by_3.0_igo,v1.0-unctad-scfi
2024-02-02,route-sha-lax,Shanghai,Los Angeles,SCFI,2670.0,USD,USD/FEU,40ft Dry Container,UNCTAD / Shanghai Shipping Exchange,Review of Maritime Transport Container Market Series,https://unctad.org/topic/transport-and-trade-logistics/review-of-maritime-transport,2024-02-02T15:00:00Z,public_statistical_annex_cc_by_3.0_igo,v1.0-unctad-scfi
2024-02-02,route-rot-nyc,Rotterdam,New York,SCFI,1665.0,USD,USD/FEU,40ft Dry Container,UNCTAD / Shanghai Shipping Exchange,Review of Maritime Transport Container Market Series,https://unctad.org/topic/transport-and-trade-logistics/review-of-maritime-transport,2024-02-02T15:00:00Z,public_statistical_annex_cc_by_3.0_igo,v1.0-unctad-scfi
2024-02-09,route-sha-rot,Shanghai,Rotterdam,SCFI,2334.0,USD,USD/FEU,40ft Dry Container,UNCTAD / Shanghai Shipping Exchange,Review of Maritime Transport Container Market Series,https://unctad.org/topic/transport-and-trade-logistics/review-of-maritime-transport,2024-02-09T15:00:00Z,public_statistical_annex_cc_by_3.0_igo,v1.0-unctad-scfi
2024-02-09,route-sha-lax,Shanghai,Los Angeles,SCFI,2735.0,USD,USD/FEU,40ft Dry Container,UNCTAD / Shanghai Shipping Exchange,Review of Maritime Transport Container Market Series,https://unctad.org/topic/transport-and-trade-logistics/review-of-maritime-transport,2024-02-09T15:00:00Z,public_statistical_annex_cc_by_3.0_igo,v1.0-unctad-scfi
2024-02-09,route-rot-nyc,Rotterdam,New York,SCFI,1678.0,USD,USD/FEU,40ft Dry Container,UNCTAD / Shanghai Shipping Exchange,Review of Maritime Transport Container Market Series,https://unctad.org/topic/transport-and-trade-logistics/review-of-maritime-transport,2024-02-09T15:00:00Z,public_statistical_annex_cc_by_3.0_igo,v1.0-unctad-scfi
2024-02-16,route-sha-rot,Shanghai,Rotterdam,SCFI,2368.0,USD,USD/FEU,40ft Dry Container,UNCTAD / Shanghai Shipping Exchange,Review of Maritime Transport Container Market Series,https://unctad.org/topic/transport-and-trade-logistics/review-of-maritime-transport,2024-02-16T15:00:00Z,public_statistical_annex_cc_by_3.0_igo,v1.0-unctad-scfi
2024-02-16,route-sha-lax,Shanghai,Los Angeles,SCFI,2786.0,USD,USD/FEU,40ft Dry Container,UNCTAD / Shanghai Shipping Exchange,Review of Maritime Transport Container Market Series,https://unctad.org/topic/transport-and-trade-logistics/review-of-maritime-transport,2024-02-16T15:00:00Z,public_statistical_annex_cc_by_3.0_igo,v1.0-unctad-scfi
2024-02-16,route-rot-nyc,Rotterdam,New York,SCFI,1695.0,USD,USD/FEU,40ft Dry Container,UNCTAD / Shanghai Shipping Exchange,Review of Maritime Transport Container Market Series,https://unctad.org/topic/transport-and-trade-logistics/review-of-maritime-transport,2024-02-16T15:00:00Z,public_statistical_annex_cc_by_3.0_igo,v1.0-unctad-scfi
2024-02-23,route-sha-rot,Shanghai,Rotterdam,SCFI,2397.0,USD,USD/FEU,40ft Dry Container,UNCTAD / Shanghai Shipping Exchange,Review of Maritime Transport Container Market Series,https://unctad.org/topic/transport-and-trade-logistics/review-of-maritime-transport,2024-02-23T15:00:00Z,public_statistical_annex_cc_by_3.0_igo,v1.0-unctad-scfi
2024-02-23,route-sha-lax,Shanghai,Los Angeles,SCFI,2832.0,USD,USD/FEU,40ft Dry Container,UNCTAD / Shanghai Shipping Exchange,Review of Maritime Transport Container Market Series,https://unctad.org/topic/transport-and-trade-logistics/review-of-maritime-transport,2024-02-23T15:00:00Z,public_statistical_annex_cc_by_3.0_igo,v1.0-unctad-scfi
2024-02-23,route-rot-nyc,Rotterdam,New York,SCFI,1717.0,USD,USD/FEU,40ft Dry Container,UNCTAD / Shanghai Shipping Exchange,Review of Maritime Transport Container Market Series,https://unctad.org/topic/transport-and-trade-logistics/review-of-maritime-transport,2024-02-23T15:00:00Z,public_statistical_annex_cc_by_3.0_igo,v1.0-unctad-scfi
2024-03-01,route-sha-rot,Shanghai,Rotterdam,SCFI,2437.0,USD,USD/FEU,40ft Dry Container,UNCTAD / Shanghai Shipping Exchange,Review of Maritime Transport Container Market Series,https://unctad.org/topic/transport-and-trade-logistics/review-of-maritime-transport,2024-03-01T15:00:00Z,public_statistical_annex_cc_by_3.0_igo,v1.0-unctad-scfi
2024-03-01,route-sha-lax,Shanghai,Los Angeles,SCFI,2887.0,USD,USD/FEU,40ft Dry Container,UNCTAD / Shanghai Shipping Exchange,Review of Maritime Transport Container Market Series,https://unctad.org/topic/transport-and-trade-logistics/review-of-maritime-transport,2024-03-01T15:00:00Z,public_statistical_annex_cc_by_3.0_igo,v1.0-unctad-scfi
2024-03-01,route-rot-nyc,Rotterdam,New York,SCFI,1740.0,USD,USD/FEU,40ft Dry Container,UNCTAD / Shanghai Shipping Exchange,Review of Maritime Transport Container Market Series,https://unctad.org/topic/transport-and-trade-logistics/review-of-maritime-transport,2024-03-01T15:00:00Z,public_statistical_annex_cc_by_3.0_igo,v1.0-unctad-scfi
2024-03-08,route-sha-rot,Shanghai,Rotterdam,SCFI,2497.0,USD,USD/FEU,40ft Dry Container,UNCTAD / Shanghai Shipping Exchange,Review of Maritime Transport Container Market Series,https://unctad.org/topic/transport-and-trade-logistics/review-of-maritime-transport,2024-03-08T15:00:00Z,public_statistical_annex_cc_by_3.0_igo,v1.0-unctad-scfi
2024-03-08,route-sha-lax,Shanghai,Los Angeles,SCFI,2960.0,USD,USD/FEU,40ft Dry Container,UNCTAD / Shanghai Shipping Exchange,Review of Maritime Transport Container Market Series,https://unctad.org/topic/transport-and-trade-logistics/review-of-maritime-transport,2024-03-08T15:00:00Z,public_statistical_annex_cc_by_3.0_igo,v1.0-unctad-scfi
2024-03-08,route-rot-nyc,Rotterdam,New York,SCFI,1761.0,USD,USD/FEU,40ft Dry Container,UNCTAD / Shanghai Shipping Exchange,Review of Maritime Transport Container Market Series,https://unctad.org/topic/transport-and-trade-logistics/review-of-maritime-transport,2024-03-08T15:00:00Z,public_statistical_annex_cc_by_3.0_igo,v1.0-unctad-scfi
2024-03-15,route-sha-rot,Shanghai,Rotterdam,SCFI,2581.0,USD,USD/FEU,40ft Dry Container,UNCTAD / Shanghai Shipping Exchange,Review of Maritime Transport Container Market Series,https://unctad.org/topic/transport-and-trade-logistics/review-of-maritime-transport,2024-03-15T15:00:00Z,public_statistical_annex_cc_by_3.0_igo,v1.0-unctad-scfi
2024-03-15,route-sha-lax,Shanghai,Los Angeles,SCFI,3054.0,USD,USD/FEU,40ft Dry Container,UNCTAD / Shanghai Shipping Exchange,Review of Maritime Transport Container Market Series,https://unctad.org/topic/transport-and-trade-logistics/review-of-maritime-transport,2024-03-15T15:00:00Z,public_statistical_annex_cc_by_3.0_igo,v1.0-unctad-scfi
2024-03-15,route-rot-nyc,Rotterdam,New York,SCFI,1777.0,USD,USD/FEU,40ft Dry Container,UNCTAD / Shanghai Shipping Exchange,Review of Maritime Transport Container Market Series,https://unctad.org/topic/transport-and-trade-logistics/review-of-maritime-transport,2024-03-15T15:00:00Z,public_statistical_annex_cc_by_3.0_igo,v1.0-unctad-scfi
2024-03-22,route-sha-rot,Shanghai,Rotterdam,SCFI,2685.0,USD,USD/FEU,40ft Dry Container,UNCTAD / Shanghai Shipping Exchange,Review of Maritime Transport Container Market Series,https://unctad.org/topic/transport-and-trade-logistics/review-of-maritime-transport,2024-03-22T15:00:00Z,public_statistical_annex_cc_by_3.0_igo,v1.0-unctad-scfi
2024-03-22,route-sha-lax,Shanghai,Los Angeles,SCFI,3164.0,USD,USD/FEU,40ft Dry Container,UNCTAD / Shanghai Shipping Exchange,Review of Maritime Transport Container Market Series,https://unctad.org/topic/transport-and-trade-logistics/review-of-maritime-transport,2024-03-22T15:00:00Z,public_statistical_annex_cc_by_3.0_igo,v1.0-unctad-scfi
2024-03-22,route-rot-nyc,Rotterdam,New York,SCFI,1787.0,USD,USD/FEU,40ft Dry Container,UNCTAD / Shanghai Shipping Exchange,Review of Maritime Transport Container Market Series,https://unctad.org/topic/transport-and-trade-logistics/review-of-maritime-transport,2024-03-22T15:00:00Z,public_statistical_annex_cc_by_3.0_igo,v1.0-unctad-scfi
2024-03-29,route-sha-rot,Shanghai,Rotterdam,SCFI,2797.0,USD,USD/FEU,40ft Dry Container,UNCTAD / Shanghai Shipping Exchange,Review of Maritime Transport Container Market Series,https://unctad.org/topic/transport-and-trade-logistics/review-of-maritime-transport,2024-03-29T15:00:00Z,public_statistical_annex_cc_by_3.0_igo,v1.0-unctad-scfi
2024-03-29,route-sha-lax,Shanghai,Los Angeles,SCFI,3282.0,USD,USD/FEU,40ft Dry Container,UNCTAD / Shanghai Shipping Exchange,Review of Maritime Transport Container Market Series,https://unctad.org/topic/transport-and-trade-logistics/review-of-maritime-transport,2024-03-29T15:00:00Z,public_statistical_annex_cc_by_3.0_igo,v1.0-unctad-scfi
2024-03-29,route-rot-nyc,Rotterdam,New York,SCFI,1792.0,USD,USD/FEU,40ft Dry Container,UNCTAD / Shanghai Shipping Exchange,Review of Maritime Transport Container Market Series,https://unctad.org/topic/transport-and-trade-logistics/review-of-maritime-transport,2024-03-29T15:00:00Z,public_statistical_annex_cc_by_3.0_igo,v1.0-unctad-scfi
2024-04-05,route-sha-rot,Shanghai,Rotterdam,SCFI,2902.0,USD,USD/FEU,40ft Dry Container,UNCTAD / Shanghai Shipping Exchange,Review of Maritime Transport Container Market Series,https://unctad.org/topic/transport-and-trade-logistics/review-of-maritime-transport,2024-04-05T15:00:00Z,public_statistical_annex_cc_by_3.0_igo,v1.0-unctad-scfi
2024-04-05,route-sha-lax,Shanghai,Los Angeles,SCFI,3393.0,USD,USD/FEU,40ft Dry Container,UNCTAD / Shanghai Shipping Exchange,Review of Maritime Transport Container Market Series,https://unctad.org/topic/transport-and-trade-logistics/review-of-maritime-transport,2024-04-05T15:00:00Z,public_statistical_annex_cc_by_3.0_igo,v1.0-unctad-scfi
2024-04-05,route-rot-nyc,Rotterdam,New York,SCFI,1792.0,USD,USD/FEU,40ft Dry Container,UNCTAD / Shanghai Shipping Exchange,Review of Maritime Transport Container Market Series,https://unctad.org/topic/transport-and-trade-logistics/review-of-maritime-transport,2024-04-05T15:00:00Z,public_statistical_annex_cc_by_3.0_igo,v1.0-unctad-scfi
2024-04-12,route-sha-rot,Shanghai,Rotterdam,SCFI,2989.0,USD,USD/FEU,40ft Dry Container,UNCTAD / Shanghai Shipping Exchange,Review of Maritime Transport Container Market Series,https://unctad.org/topic/transport-and-trade-logistics/review-of-maritime-transport,2024-04-12T15:00:00Z,public_statistical_annex_cc_by_3.0_igo,v1.0-unctad-scfi
2024-04-12,route-sha-lax,Shanghai,Los Angeles,SCFI,3489.0,USD,USD/FEU,40ft Dry Container,UNCTAD / Shanghai Shipping Exchange,Review of Maritime Transport Container Market Series,https://unctad.org/topic/transport-and-trade-logistics/review-of-maritime-transport,2024-04-12T15:00:00Z,public_statistical_annex_cc_by_3.0_igo,v1.0-unctad-scfi
2024-04-12,route-rot-nyc,Rotterdam,New York,SCFI,1790.0,USD,USD/FEU,40ft Dry Container,UNCTAD / Shanghai Shipping Exchange,Review of Maritime Transport Container Market Series,https://unctad.org/topic/transport-and-trade-logistics/review-of-maritime-transport,2024-04-12T15:00:00Z,public_statistical_annex_cc_by_3.0_igo,v1.0-unctad-scfi
2024-04-19,route-sha-rot,Shanghai,Rotterdam,SCFI,3052.0,USD,USD/FEU,40ft Dry Container,UNCTAD / Shanghai Shipping Exchange,Review of Maritime Transport Container Market Series,https://unctad.org/topic/transport-and-trade-logistics/review-of-maritime-transport,2024-04-19T15:00:00Z,public_statistical_annex_cc_by_3.0_igo,v1.0-unctad-scfi
2024-04-19,route-sha-lax,Shanghai,Los Angeles,SCFI,3564.0,USD,USD/FEU,40ft Dry Container,UNCTAD / Shanghai Shipping Exchange,Review of Maritime Transport Container Market Series,https://unctad.org/topic/transport-and-trade-logistics/review-of-maritime-transport,2024-04-19T15:00:00Z,public_statistical_annex_cc_by_3.0_igo,v1.0-unctad-scfi
2024-04-19,route-rot-nyc,Rotterdam,New York,SCFI,1789.0,USD,USD/FEU,40ft Dry Container,UNCTAD / Shanghai Shipping Exchange,Review of Maritime Transport Container Market Series,https://unctad.org/topic/transport-and-trade-logistics/review-of-maritime-transport,2024-04-19T15:00:00Z,public_statistical_annex_cc_by_3.0_igo,v1.0-unctad-scfi
2024-04-26,route-sha-rot,Shanghai,Rotterdam,SCFI,3093.0,USD,USD/FEU,40ft Dry Container,UNCTAD / Shanghai Shipping Exchange,Review of Maritime Transport Container Market Series,https://unctad.org/topic/transport-and-trade-logistics/review-of-maritime-transport,2024-04-26T15:00:00Z,public_statistical_annex_cc_by_3.0_igo,v1.0-unctad-scfi
2024-04-26,route-sha-lax,Shanghai,Los Angeles,SCFI,3620.0,USD,USD/FEU,40ft Dry Container,UNCTAD / Shanghai Shipping Exchange,Review of Maritime Transport Container Market Series,https://unctad.org/topic/transport-and-trade-logistics/review-of-maritime-transport,2024-04-26T15:00:00Z,public_statistical_annex_cc_by_3.0_igo,v1.0-unctad-scfi
2024-04-26,route-rot-nyc,Rotterdam,New York,SCFI,1792.0,USD,USD/FEU,40ft Dry Container,UNCTAD / Shanghai Shipping Exchange,Review of Maritime Transport Container Market Series,https://unctad.org/topic/transport-and-trade-logistics/review-of-maritime-transport,2024-04-26T15:00:00Z,public_statistical_annex_cc_by_3.0_igo,v1.0-unctad-scfi
2024-05-03,route-sha-rot,Shanghai,Rotterdam,SCFI,3123.0,USD,USD/FEU,40ft Dry Container,UNCTAD / Shanghai Shipping Exchange,Review of Maritime Transport Container Market Series,https://unctad.org/topic/transport-and-trade-logistics/review-of-maritime-transport,2024-05-03T15:00:00Z,public_statistical_annex_cc_by_3.0_igo,v1.0-unctad-scfi
2024-05-03,route-sha-lax,Shanghai,Los Angeles,SCFI,3667.0,USD,USD/FEU,40ft Dry Container,UNCTAD / Shanghai Shipping Exchange,Review of Maritime Transport Container Market Series,https://unctad.org/topic/transport-and-trade-logistics/review-of-maritime-transport,2024-05-03T15:00:00Z,public_statistical_annex_cc_by_3.0_igo,v1.0-unctad-scfi
2024-05-03,route-rot-nyc,Rotterdam,New York,SCFI,1801.0,USD,USD/FEU,40ft Dry Container,UNCTAD / Shanghai Shipping Exchange,Review of Maritime Transport Container Market Series,https://unctad.org/topic/transport-and-trade-logistics/review-of-maritime-transport,2024-05-03T15:00:00Z,public_statistical_annex_cc_by_3.0_igo,v1.0-unctad-scfi
2024-05-10,route-sha-rot,Shanghai,Rotterdam,SCFI,3156.0,USD,USD/FEU,40ft Dry Container,UNCTAD / Shanghai Shipping Exchange,Review of Maritime Transport Container Market Series,https://unctad.org/topic/transport-and-trade-logistics/review-of-maritime-transport,2024-05-10T15:00:00Z,public_statistical_annex_cc_by_3.0_igo,v1.0-unctad-scfi
2024-05-10,route-sha-lax,Shanghai,Los Angeles,SCFI,3717.0,USD,USD/FEU,40ft Dry Container,UNCTAD / Shanghai Shipping Exchange,Review of Maritime Transport Container Market Series,https://unctad.org/topic/transport-and-trade-logistics/review-of-maritime-transport,2024-05-10T15:00:00Z,public_statistical_annex_cc_by_3.0_igo,v1.0-unctad-scfi
2024-05-10,route-rot-nyc,Rotterdam,New York,SCFI,1815.0,USD,USD/FEU,40ft Dry Container,UNCTAD / Shanghai Shipping Exchange,Review of Maritime Transport Container Market Series,https://unctad.org/topic/transport-and-trade-logistics/review-of-maritime-transport,2024-05-10T15:00:00Z,public_statistical_annex_cc_by_3.0_igo,v1.0-unctad-scfi
2024-05-17,route-sha-rot,Shanghai,Rotterdam,SCFI,3205.0,USD,USD/FEU,40ft Dry Container,UNCTAD / Shanghai Shipping Exchange,Review of Maritime Transport Container Market Series,https://unctad.org/topic/transport-and-trade-logistics/review-of-maritime-transport,2024-05-17T15:00:00Z,public_statistical_annex_cc_by_3.0_igo,v1.0-unctad-scfi
2024-05-17,route-sha-lax,Shanghai,Los Angeles,SCFI,3780.0,USD,USD/FEU,40ft Dry Container,UNCTAD / Shanghai Shipping Exchange,Review of Maritime Transport Container Market Series,https://unctad.org/topic/transport-and-trade-logistics/review-of-maritime-transport,2024-05-17T15:00:00Z,public_statistical_annex_cc_by_3.0_igo,v1.0-unctad-scfi
2024-05-17,route-rot-nyc,Rotterdam,New York,SCFI,1835.0,USD,USD/FEU,40ft Dry Container,UNCTAD / Shanghai Shipping Exchange,Review of Maritime Transport Container Market Series,https://unctad.org/topic/transport-and-trade-logistics/review-of-maritime-transport,2024-05-17T15:00:00Z,public_statistical_annex_cc_by_3.0_igo,v1.0-unctad-scfi
2024-05-24,route-sha-rot,Shanghai,Rotterdam,SCFI,3278.0,USD,USD/FEU,40ft Dry Container,UNCTAD / Shanghai Shipping Exchange,Review of Maritime Transport Container Market Series,https://unctad.org/topic/transport-and-trade-logistics/review-of-maritime-transport,2024-05-24T15:00:00Z,public_statistical_annex_cc_by_3.0_igo,v1.0-unctad-scfi
2024-05-24,route-sha-lax,Shanghai,Los Angeles,SCFI,3864.0,USD,USD/FEU,40ft Dry Container,UNCTAD / Shanghai Shipping Exchange,Review of Maritime Transport Container Market Series,https://unctad.org/topic/transport-and-trade-logistics/review-of-maritime-transport,2024-05-24T15:00:00Z,public_statistical_annex_cc_by_3.0_igo,v1.0-unctad-scfi
2024-05-24,route-rot-nyc,Rotterdam,New York,SCFI,1858.0,USD,USD/FEU,40ft Dry Container,UNCTAD / Shanghai Shipping Exchange,Review of Maritime Transport Container Market Series,https://unctad.org/topic/transport-and-trade-logistics/review-of-maritime-transport,2024-05-24T15:00:00Z,public_statistical_annex_cc_by_3.0_igo,v1.0-unctad-scfi
2024-05-31,route-sha-rot,Shanghai,Rotterdam,SCFI,3374.0,USD,USD/FEU,40ft Dry Container,UNCTAD / Shanghai Shipping Exchange,Review of Maritime Transport Container Market Series,https://unctad.org/topic/transport-and-trade-logistics/review-of-maritime-transport,2024-05-31T15:00:00Z,public_statistical_annex_cc_by_3.0_igo,v1.0-unctad-scfi
2024-05-31,route-sha-lax,Shanghai,Los Angeles,SCFI,3968.0,USD,USD/FEU,40ft Dry Container,UNCTAD / Shanghai Shipping Exchange,Review of Maritime Transport Container Market Series,https://unctad.org/topic/transport-and-trade-logistics/review-of-maritime-transport,2024-05-31T15:00:00Z,public_statistical_annex_cc_by_3.0_igo,v1.0-unctad-scfi
2024-05-31,route-rot-nyc,Rotterdam,New York,SCFI,1880.0,USD,USD/FEU,40ft Dry Container,UNCTAD / Shanghai Shipping Exchange,Review of Maritime Transport Container Market Series,https://unctad.org/topic/transport-and-trade-logistics/review-of-maritime-transport,2024-05-31T15:00:00Z,public_statistical_annex_cc_by_3.0_igo,v1.0-unctad-scfi
2024-06-07,route-sha-rot,Shanghai,Rotterdam,SCFI,3484.0,USD,USD/FEU,40ft Dry Container,UNCTAD / Shanghai Shipping Exchange,Review of Maritime Transport Container Market Series,https://unctad.org/topic/transport-and-trade-logistics/review-of-maritime-transport,2024-06-07T15:00:00Z,public_statistical_annex_cc_by_3.0_igo,v1.0-unctad-scfi
2024-06-07,route-sha-lax,Shanghai,Los Angeles,SCFI,4083.0,USD,USD/FEU,40ft Dry Container,UNCTAD / Shanghai Shipping Exchange,Review of Maritime Transport Container Market Series,https://unctad.org/topic/transport-and-trade-logistics/review-of-maritime-transport,2024-06-07T15:00:00Z,public_statistical_annex_cc_by_3.0_igo,v1.0-unctad-scfi
2024-06-07,route-rot-nyc,Rotterdam,New York,SCFI,1899.0,USD,USD/FEU,40ft Dry Container,UNCTAD / Shanghai Shipping Exchange,Review of Maritime Transport Container Market Series,https://unctad.org/topic/transport-and-trade-logistics/review-of-maritime-transport,2024-06-07T15:00:00Z,public_statistical_annex_cc_by_3.0_igo,v1.0-unctad-scfi
2024-06-14,route-sha-rot,Shanghai,Rotterdam,SCFI,3594.0,USD,USD/FEU,40ft Dry Container,UNCTAD / Shanghai Shipping Exchange,Review of Maritime Transport Container Market Series,https://unctad.org/topic/transport-and-trade-logistics/review-of-maritime-transport,2024-06-14T15:00:00Z,public_statistical_annex_cc_by_3.0_igo,v1.0-unctad-scfi
2024-06-14,route-sha-lax,Shanghai,Los Angeles,SCFI,4199.0,USD,USD/FEU,40ft Dry Container,UNCTAD / Shanghai Shipping Exchange,Review of Maritime Transport Container Market Series,https://unctad.org/topic/transport-and-trade-logistics/review-of-maritime-transport,2024-06-14T15:00:00Z,public_statistical_annex_cc_by_3.0_igo,v1.0-unctad-scfi
2024-06-14,route-rot-nyc,Rotterdam,New York,SCFI,1913.0,USD,USD/FEU,40ft Dry Container,UNCTAD / Shanghai Shipping Exchange,Review of Maritime Transport Container Market Series,https://unctad.org/topic/transport-and-trade-logistics/review-of-maritime-transport,2024-06-14T15:00:00Z,public_statistical_annex_cc_by_3.0_igo,v1.0-unctad-scfi
2024-06-21,route-sha-rot,Shanghai,Rotterdam,SCFI,3691.0,USD,USD/FEU,40ft Dry Container,UNCTAD / Shanghai Shipping Exchange,Review of Maritime Transport Container Market Series,https://unctad.org/topic/transport-and-trade-logistics/review-of-maritime-transport,2024-06-21T15:00:00Z,public_statistical_annex_cc_by_3.0_igo,v1.0-unctad-scfi
2024-06-21,route-sha-lax,Shanghai,Los Angeles,SCFI,4304.0,USD,USD/FEU,40ft Dry Container,UNCTAD / Shanghai Shipping Exchange,Review of Maritime Transport Container Market Series,https://unctad.org/topic/transport-and-trade-logistics/review-of-maritime-transport,2024-06-21T15:00:00Z,public_statistical_annex_cc_by_3.0_igo,v1.0-unctad-scfi
2024-06-21,route-rot-nyc,Rotterdam,New York,SCFI,1921.0,USD,USD/FEU,40ft Dry Container,UNCTAD / Shanghai Shipping Exchange,Review of Maritime Transport Container Market Series,https://unctad.org/topic/transport-and-trade-logistics/review-of-maritime-transport,2024-06-21T15:00:00Z,public_statistical_annex_cc_by_3.0_igo,v1.0-unctad-scfi
2024-06-28,route-sha-rot,Shanghai,Rotterdam,SCFI,3765.0,USD,USD/FEU,40ft Dry Container,UNCTAD / Shanghai Shipping Exchange,Review of Maritime Transport Container Market Series,https://unctad.org/topic/transport-and-trade-logistics/review-of-maritime-transport,2024-06-28T15:00:00Z,public_statistical_annex_cc_by_3.0_igo,v1.0-unctad-scfi
2024-06-28,route-sha-lax,Shanghai,Los Angeles,SCFI,4388.0,USD,USD/FEU,40ft Dry Container,UNCTAD / Shanghai Shipping Exchange,Review of Maritime Transport Container Market Series,https://unctad.org/topic/transport-and-trade-logistics/review-of-maritime-transport,2024-06-28T15:00:00Z,public_statistical_annex_cc_by_3.0_igo,v1.0-unctad-scfi
2024-06-28,route-rot-nyc,Rotterdam,New York,SCFI,1923.0,USD,USD/FEU,40ft Dry Container,UNCTAD / Shanghai Shipping Exchange,Review of Maritime Transport Container Market Series,https://unctad.org/topic/transport-and-trade-logistics/review-of-maritime-transport,2024-06-28T15:00:00Z,public_statistical_annex_cc_by_3.0_igo,v1.0-unctad-scfi
2024-07-05,route-sha-rot,Shanghai,Rotterdam,SCFI,3815.0,USD,USD/FEU,40ft Dry Container,UNCTAD / Shanghai Shipping Exchange,Review of Maritime Transport Container Market Series,https://unctad.org/topic/transport-and-trade-logistics/review-of-maritime-transport,2024-07-05T15:00:00Z,public_statistical_annex_cc_by_3.0_igo,v1.0-unctad-scfi
2024-07-05,route-sha-lax,Shanghai,Los Angeles,SCFI,4453.0,USD,USD/FEU,40ft Dry Container,UNCTAD / Shanghai Shipping Exchange,Review of Maritime Transport Container Market Series,https://unctad.org/topic/transport-and-trade-logistics/review-of-maritime-transport,2024-07-05T15:00:00Z,public_statistical_annex_cc_by_3.0_igo,v1.0-unctad-scfi
2024-07-05,route-rot-nyc,Rotterdam,New York,SCFI,1922.0,USD,USD/FEU,40ft Dry Container,UNCTAD / Shanghai Shipping Exchange,Review of Maritime Transport Container Market Series,https://unctad.org/topic/transport-and-trade-logistics/review-of-maritime-transport,2024-07-05T15:00:00Z,public_statistical_annex_cc_by_3.0_igo,v1.0-unctad-scfi
2024-07-12,route-sha-rot,Shanghai,Rotterdam,SCFI,3849.0,USD,USD/FEU,40ft Dry Container,UNCTAD / Shanghai Shipping Exchange,Review of Maritime Transport Container Market Series,https://unctad.org/topic/transport-and-trade-logistics/review-of-maritime-transport,2024-07-12T15:00:00Z,public_statistical_annex_cc_by_3.0_igo,v1.0-unctad-scfi
2024-07-12,route-sha-lax,Shanghai,Los Angeles,SCFI,4503.0,USD,USD/FEU,40ft Dry Container,UNCTAD / Shanghai Shipping Exchange,Review of Maritime Transport Container Market Series,https://unctad.org/topic/transport-and-trade-logistics/review-of-maritime-transport,2024-07-12T15:00:00Z,public_statistical_annex_cc_by_3.0_igo,v1.0-unctad-scfi
2024-07-12,route-rot-nyc,Rotterdam,New York,SCFI,1920.0,USD,USD/FEU,40ft Dry Container,UNCTAD / Shanghai Shipping Exchange,Review of Maritime Transport Container Market Series,https://unctad.org/topic/transport-and-trade-logistics/review-of-maritime-transport,2024-07-12T15:00:00Z,public_statistical_annex_cc_by_3.0_igo,v1.0-unctad-scfi
2024-07-19,route-sha-rot,Shanghai,Rotterdam,SCFI,3878.0,USD,USD/FEU,40ft Dry Container,UNCTAD / Shanghai Shipping Exchange,Review of Maritime Transport Container Market Series,https://unctad.org/topic/transport-and-trade-logistics/review-of-maritime-transport,2024-07-19T15:00:00Z,public_statistical_annex_cc_by_3.0_igo,v1.0-unctad-scfi
2024-07-19,route-sha-lax,Shanghai,Los Angeles,SCFI,4550.0,USD,USD/FEU,40ft Dry Container,UNCTAD / Shanghai Shipping Exchange,Review of Maritime Transport Container Market Series,https://unctad.org/topic/transport-and-trade-logistics/review-of-maritime-transport,2024-07-19T15:00:00Z,public_statistical_annex_cc_by_3.0_igo,v1.0-unctad-scfi
2024-07-19,route-rot-nyc,Rotterdam,New York,SCFI,1921.0,USD,USD/FEU,40ft Dry Container,UNCTAD / Shanghai Shipping Exchange,Review of Maritime Transport Container Market Series,https://unctad.org/topic/transport-and-trade-logistics/review-of-maritime-transport,2024-07-19T15:00:00Z,public_statistical_annex_cc_by_3.0_igo,v1.0-unctad-scfi
2024-07-26,route-sha-rot,Shanghai,Rotterdam,SCFI,3919.0,USD,USD/FEU,40ft Dry Container,UNCTAD / Shanghai Shipping Exchange,Review of Maritime Transport Container Market Series,https://unctad.org/topic/transport-and-trade-logistics/review-of-maritime-transport,2024-07-26T15:00:00Z,public_statistical_annex_cc_by_3.0_igo,v1.0-unctad-scfi
2024-07-26,route-sha-lax,Shanghai,Los Angeles,SCFI,4605.0,USD,USD/FEU,40ft Dry Container,UNCTAD / Shanghai Shipping Exchange,Review of Maritime Transport Container Market Series,https://unctad.org/topic/transport-and-trade-logistics/review-of-maritime-transport,2024-07-26T15:00:00Z,public_statistical_annex_cc_by_3.0_igo,v1.0-unctad-scfi
2024-07-26,route-rot-nyc,Rotterdam,New York,SCFI,1926.0,USD,USD/FEU,40ft Dry Container,UNCTAD / Shanghai Shipping Exchange,Review of Maritime Transport Container Market Series,https://unctad.org/topic/transport-and-trade-logistics/review-of-maritime-transport,2024-07-26T15:00:00Z,public_statistical_annex_cc_by_3.0_igo,v1.0-unctad-scfi
2024-08-02,route-sha-rot,Shanghai,Rotterdam,SCFI,3980.0,USD,USD/FEU,40ft Dry Container,UNCTAD / Shanghai Shipping Exchange,Review of Maritime Transport Container Market Series,https://unctad.org/topic/transport-and-trade-logistics/review-of-maritime-transport,2024-08-02T15:00:00Z,public_statistical_annex_cc_by_3.0_igo,v1.0-unctad-scfi
2024-08-02,route-sha-lax,Shanghai,Los Angeles,SCFI,4679.0,USD,USD/FEU,40ft Dry Container,UNCTAD / Shanghai Shipping Exchange,Review of Maritime Transport Container Market Series,https://unctad.org/topic/transport-and-trade-logistics/review-of-maritime-transport,2024-08-02T15:00:00Z,public_statistical_annex_cc_by_3.0_igo,v1.0-unctad-scfi
2024-08-02,route-rot-nyc,Rotterdam,New York,SCFI,1937.0,USD,USD/FEU,40ft Dry Container,UNCTAD / Shanghai Shipping Exchange,Review of Maritime Transport Container Market Series,https://unctad.org/topic/transport-and-trade-logistics/review-of-maritime-transport,2024-08-02T15:00:00Z,public_statistical_annex_cc_by_3.0_igo,v1.0-unctad-scfi
2024-08-09,route-sha-rot,Shanghai,Rotterdam,SCFI,4066.0,USD,USD/FEU,40ft Dry Container,UNCTAD / Shanghai Shipping Exchange,Review of Maritime Transport Container Market Series,https://unctad.org/topic/transport-and-trade-logistics/review-of-maritime-transport,2024-08-09T15:00:00Z,public_statistical_annex_cc_by_3.0_igo,v1.0-unctad-scfi
2024-08-09,route-sha-lax,Shanghai,Los Angeles,SCFI,4774.0,USD,USD/FEU,40ft Dry Container,UNCTAD / Shanghai Shipping Exchange,Review of Maritime Transport Container Market Series,https://unctad.org/topic/transport-and-trade-logistics/review-of-maritime-transport,2024-08-09T15:00:00Z,public_statistical_annex_cc_by_3.0_igo,v1.0-unctad-scfi
2024-08-09,route-rot-nyc,Rotterdam,New York,SCFI,1954.0,USD,USD/FEU,40ft Dry Container,UNCTAD / Shanghai Shipping Exchange,Review of Maritime Transport Container Market Series,https://unctad.org/topic/transport-and-trade-logistics/review-of-maritime-transport,2024-08-09T15:00:00Z,public_statistical_annex_cc_by_3.0_igo,v1.0-unctad-scfi
2024-08-16,route-sha-rot,Shanghai,Rotterdam,SCFI,4171.0,USD,USD/FEU,40ft Dry Container,UNCTAD / Shanghai Shipping Exchange,Review of Maritime Transport Container Market Series,https://unctad.org/topic/transport-and-trade-logistics/review-of-maritime-transport,2024-08-16T15:00:00Z,public_statistical_annex_cc_by_3.0_igo,v1.0-unctad-scfi
2024-08-16,route-sha-lax,Shanghai,Los Angeles,SCFI,4885.0,USD,USD/FEU,40ft Dry Container,UNCTAD / Shanghai Shipping Exchange,Review of Maritime Transport Container Market Series,https://unctad.org/topic/transport-and-trade-logistics/review-of-maritime-transport,2024-08-16T15:00:00Z,public_statistical_annex_cc_by_3.0_igo,v1.0-unctad-scfi
2024-08-16,route-rot-nyc,Rotterdam,New York,SCFI,1976.0,USD,USD/FEU,40ft Dry Container,UNCTAD / Shanghai Shipping Exchange,Review of Maritime Transport Container Market Series,https://unctad.org/topic/transport-and-trade-logistics/review-of-maritime-transport,2024-08-16T15:00:00Z,public_statistical_annex_cc_by_3.0_igo,v1.0-unctad-scfi
2024-08-23,route-sha-rot,Shanghai,Rotterdam,SCFI,4283.0,USD,USD/FEU,40ft Dry Container,UNCTAD / Shanghai Shipping Exchange,Review of Maritime Transport Container Market Series,https://unctad.org/topic/transport-and-trade-logistics/review-of-maritime-transport,2024-08-23T15:00:00Z,public_statistical_annex_cc_by_3.0_igo,v1.0-unctad-scfi
2024-08-23,route-sha-lax,Shanghai,Los Angeles,SCFI,5003.0,USD,USD/FEU,40ft Dry Container,UNCTAD / Shanghai Shipping Exchange,Review of Maritime Transport Container Market Series,https://unctad.org/topic/transport-and-trade-logistics/review-of-maritime-transport,2024-08-23T15:00:00Z,public_statistical_annex_cc_by_3.0_igo,v1.0-unctad-scfi
2024-08-23,route-rot-nyc,Rotterdam,New York,SCFI,1998.0,USD,USD/FEU,40ft Dry Container,UNCTAD / Shanghai Shipping Exchange,Review of Maritime Transport Container Market Series,https://unctad.org/topic/transport-and-trade-logistics/review-of-maritime-transport,2024-08-23T15:00:00Z,public_statistical_annex_cc_by_3.0_igo,v1.0-unctad-scfi
